/*
 Navicat Premium Data Transfer

 Source Server         : 127.0.0.1
 Source Server Type    : MySQL
 Source Server Version : 80022
 Source Host           : 127.0.0.1:3306
 Source Schema         : readygo-mall-admin

 Target Server Type    : MySQL
 Target Server Version : 80022
 File Encoding         : 65001

 Date: 01/08/2022 15:58:47
*/

SET NAMES utf8mb4;
SET FOREIGN_KEY_CHECKS = 0;

-- ----------------------------
-- Table structure for admin_user
-- ----------------------------
DROP TABLE IF EXISTS `admin_user`;
CREATE TABLE `admin_user`  (
  `id` bigint(0) NOT NULL AUTO_INCREMENT COMMENT '主键id',
  `name` varchar(255) CHARACTER SET utf8 COLLATE utf8_general_ci NULL DEFAULT NULL COMMENT '后台用户名称',
  `user_name` varchar(255) CHARACTER SET utf8 COLLATE utf8_general_ci NULL DEFAULT NULL COMMENT '用户名',
  `password` varchar(255) CHARACTER SET utf8 COLLATE utf8_general_ci NULL DEFAULT NULL COMMENT '用户密码',
  `avatar` varchar(300) CHARACTER SET utf8 COLLATE utf8_general_ci NULL DEFAULT NULL COMMENT '头像',
  `fixed_telephone` varchar(50) CHARACTER SET utf8 COLLATE utf8_general_ci NULL DEFAULT NULL COMMENT '固定电话',
  `mobile` varchar(20) CHARACTER SET utf8 COLLATE utf8_general_ci NULL DEFAULT NULL COMMENT '手机号码',
  `email` varchar(100) CHARACTER SET utf8 COLLATE utf8_general_ci NULL DEFAULT NULL COMMENT '邮箱',
  `status` int(0) NULL DEFAULT NULL COMMENT '状态  0：禁用   1：正常',
  `auth_status` int(0) NULL DEFAULT NULL COMMENT '审核状态（商户申请后，需要审核 0:待审核，1:已通过 2:已拒绝）',
  `auth_opinion` varchar(300) CHARACTER SET utf8 COLLATE utf8_general_ci NULL DEFAULT NULL COMMENT '审核意见',
  `qualification_materials` text CHARACTER SET utf8 COLLATE utf8_general_ci NULL COMMENT '资质材料，文件地址，逗号分隔',
  `user_type` int(0) NULL DEFAULT NULL COMMENT '管理员类型用户类型 0:【平台管理员】（该类管理员属于平台所有，管理平台相关事宜）\r1:包括【入驻商户】【自营商户】',
  `merchant_type` int(0) NULL DEFAULT NULL COMMENT '商户（店铺）类型 0: 入驻商户 1: 自营商户',
  `regions` varchar(255) CHARACTER SET utf8 COLLATE utf8_general_ci NULL DEFAULT NULL COMMENT '所属区域',
  `address` varchar(255) CHARACTER SET utf8 COLLATE utf8_general_ci NULL DEFAULT NULL COMMENT '详细地址',
  `create_time` datetime(0) NULL DEFAULT NULL COMMENT '创建时间',
  `update_time` datetime(0) NULL DEFAULT NULL COMMENT '修改时间',
  PRIMARY KEY (`id`) USING BTREE
) ENGINE = InnoDB AUTO_INCREMENT = 6 CHARACTER SET = utf8 COLLATE = utf8_general_ci ROW_FORMAT = Dynamic;

-- ----------------------------
-- Records of admin_user
-- ----------------------------
INSERT INTO `admin_user` VALUES (1, '平台管理员', 'admin', '$2a$10$5dcQM16N174zklJ91lrLqePrhHZXJvyAAtSRV9ey20b.uoNNPgYhO', NULL, NULL, '15999999999', '15999999999@163.com', NULL, NULL, NULL, NULL, 0, NULL, NULL, NULL, '2021-12-28 11:06:18', NULL);
INSERT INTO `admin_user` VALUES (2, '入驻商户', 'merchant', '$2a$10$5dcQM16N174zklJ91lrLqePrhHZXJvyAAtSRV9ey20b.uoNNPgYhO', 'https://dongjuntao-1303976517.cos.ap-shanghai.myqcloud.com/admin/avatar/1629040064180632733apple.jpg', NULL, '15888888888', '15888888888@163.com', 1, 1, '好的，通过', NULL, 1, 0, NULL, NULL, '2022-01-19 13:33:47', NULL);
INSERT INTO `admin_user` VALUES (3, '平台自营商户', 'merchant3', '$2a$10$5dcQM16N174zklJ91lrLqePrhHZXJvyAAtSRV9ey20b.uoNNPgYhO', 'https://dongjuntao-1303976517.cos.ap-shanghai.myqcloud.com/admin/avatar/1629179514968844327xiaomi.jpg', NULL, '15777777777', '15777777777@163.com', 1, 1, NULL, NULL, 1, 1, NULL, NULL, '2022-01-19 16:16:52', '2022-05-01 17:38:24');
INSERT INTO `admin_user` VALUES (4, '入驻商户2', 'merchant2', '$2a$10$5dcQM16N174zklJ91lrLqePrhHZXJvyAAtSRV9ey20b.uoNNPgYhO', 'https://dongjuntao-1303976517.cos.ap-shanghai.myqcloud.com/admin/avatar/1629040064180632733apple.jpg', NULL, '15888888888', '15888888888@163.com', 1, 1, '好的，通过', NULL, 1, 0, NULL, NULL, '2022-01-19 13:33:47', NULL);
INSERT INTO `admin_user` VALUES (5, '平台自营商户2', 'merchant4', '$2a$10$5dcQM16N174zklJ91lrLqePrhHZXJvyAAtSRV9ey20b.uoNNPgYhO', 'https://dongjuntao-1303976517.cos.ap-shanghai.myqcloud.com/admin/avatar/1629179514968844327xiaomi.jpg', NULL, '15777777777', '15777777777@163.com', 1, 1, NULL, NULL, 1, 1, NULL, NULL, '2022-01-19 16:16:52', '2022-05-01 17:38:24');

-- ----------------------------
-- Table structure for express_setting
-- ----------------------------
DROP TABLE IF EXISTS `express_setting`;
CREATE TABLE `express_setting`  (
  `id` bigint(0) NOT NULL AUTO_INCREMENT COMMENT '主键id',
  `admin_user_id` bigint(0) NULL DEFAULT NULL COMMENT '商家id',
  `logistics_company_id` bigint(0) NULL DEFAULT NULL COMMENT '快递公司id',
  `enable` tinyint(0) NULL DEFAULT NULL COMMENT '是否开启',
  `is_default` tinyint(0) NULL DEFAULT NULL COMMENT '是否默认',
  PRIMARY KEY (`id`) USING BTREE
) ENGINE = InnoDB AUTO_INCREMENT = 4 CHARACTER SET = utf8 COLLATE = utf8_general_ci ROW_FORMAT = Dynamic;

-- ----------------------------
-- Records of express_setting
-- ----------------------------
INSERT INTO `express_setting` VALUES (1, 2, 2, 1, 0);
INSERT INTO `express_setting` VALUES (2, 2, 6, 1, 0);
INSERT INTO `express_setting` VALUES (3, 2, 8, 1, 0);
INSERT INTO `express_setting` VALUES (4, 2, 9, 1, 0);

-- ----------------------------
-- Table structure for freight_default
-- ----------------------------
DROP TABLE IF EXISTS `freight_default`;
CREATE TABLE `freight_default`  (
  `id` bigint(0) NOT NULL AUTO_INCREMENT COMMENT '主键id',
  `freight_template_id` bigint(0) NULL DEFAULT NULL COMMENT '运费模板id',
  `first` double(10, 2) NULL DEFAULT NULL COMMENT '首件(起始件数)或首重(起始重量)或首体积(起始体积)',
  `first_freight` double(10, 2) NULL DEFAULT NULL COMMENT '首件运费',
  `continuation` double(10, 2) NULL DEFAULT NULL COMMENT '续件（数量）',
  `continuation_freight` double(10, 2) NULL DEFAULT NULL COMMENT '续件费用(每单位续件的费用)',
  PRIMARY KEY (`id`) USING BTREE
) ENGINE = InnoDB AUTO_INCREMENT = 5 CHARACTER SET = utf8 COLLATE = utf8_general_ci ROW_FORMAT = Dynamic;

-- ----------------------------
-- Records of freight_default
-- ----------------------------
INSERT INTO `freight_default` VALUES (2, 1, 1.00, 8.00, 1.00, 3.00);
INSERT INTO `freight_default` VALUES (3, 2, 1.00, 8.00, 1.00, 2.00);
INSERT INTO `freight_default` VALUES (4, 3, 1.00, 8.00, 1.00, 5.00);

-- ----------------------------
-- Table structure for freight_free_rule
-- ----------------------------
DROP TABLE IF EXISTS `freight_free_rule`;
CREATE TABLE `freight_free_rule`  (
  `id` bigint(0) NOT NULL AUTO_INCREMENT COMMENT '主键id',
  `freight_template_id` bigint(0) NULL DEFAULT NULL COMMENT '运费模板id',
  `region_id_names` text CHARACTER SET utf8 COLLATE utf8_general_ci NULL COMMENT '区域集合（id:名称）',
  `free_condition` int(0) NULL DEFAULT NULL COMMENT '包邮条件（0：满金额包邮，1:满（件数，重量，体积）包邮： 2:满金额或满（件数，重量，体积） 包邮，3:满金额且满（件数，重量，体积）包邮',
  `money` int(0) NULL DEFAULT NULL COMMENT '需满金额',
  `quantity` int(0) NULL DEFAULT NULL COMMENT '需满数量（件数，重量，体积）',
  PRIMARY KEY (`id`) USING BTREE
) ENGINE = InnoDB AUTO_INCREMENT = 5 CHARACTER SET = utf8 COLLATE = utf8_general_ci ROW_FORMAT = Dynamic;

-- ----------------------------
-- Records of freight_free_rule
-- ----------------------------
INSERT INTO `freight_free_rule` VALUES (2, 1, '795:上海市,813:江苏省,923:浙江省', 1, 50, 0);
INSERT INTO `freight_free_rule` VALUES (3, 2, '', 0, 0, 0);
INSERT INTO `freight_free_rule` VALUES (4, 3, '', 0, 0, 0);

-- ----------------------------
-- Table structure for freight_rule
-- ----------------------------
DROP TABLE IF EXISTS `freight_rule`;
CREATE TABLE `freight_rule`  (
  `id` bigint(0) NOT NULL AUTO_INCREMENT COMMENT '主键id',
  `freight_template_id` bigint(0) NULL DEFAULT NULL COMMENT '运费模板id',
  `region_id_names` text CHARACTER SET utf8 COLLATE utf8_general_ci NULL COMMENT '区域集合（id:名称）',
  `first` double(10, 2) NULL DEFAULT NULL COMMENT '首件(起始件数)或首重(起始重量)或首体积(起始体积)',
  `first_freight` double(10, 2) NULL DEFAULT NULL COMMENT '首件运费',
  `continuation` double(10, 2) NULL DEFAULT NULL COMMENT '续件（数量）',
  `continuation_freight` double(10, 2) NULL DEFAULT NULL COMMENT '续件费用(每单位续件的费用)',
  PRIMARY KEY (`id`) USING BTREE
) ENGINE = InnoDB AUTO_INCREMENT = 5 CHARACTER SET = utf8 COLLATE = utf8_general_ci ROW_FORMAT = Dynamic;

-- ----------------------------
-- Records of freight_rule
-- ----------------------------
INSERT INTO `freight_rule` VALUES (2, 1, '1:北京市,19:天津市,37:河北省,217:山西省,348:内蒙古自治区,464:辽宁省,579:吉林省,649:黑龙江省,1024:安徽省,1146:福建省,1241:江西省,1353:山东省,1508:河南省,1685:湖北省,1803:湖南省,1940:广东省,2142:广西壮族自治区,2268:海南省,2324:重庆市,2365:四川省,2570:贵州省,2668:云南省,2814:西藏自治区,2896:陕西省,3014:甘肃省,3118:青海省,3173:宁夏回族自治区,3201:新疆维吾尔自治区,3322:台湾省,3701:香港特别行政区,3721:澳门特别行政区', 1.00, 8.00, 1.00, 2.00);
INSERT INTO `freight_rule` VALUES (3, 2, '1:北京市,19:天津市,37:河北省,217:山西省,348:内蒙古自治区,464:辽宁省,579:吉林省,649:黑龙江省,795:上海市,813:江苏省,923:浙江省,1024:安徽省,1146:福建省,1241:江西省,1353:山东省,1508:河南省,1685:湖北省,1803:湖南省,1940:广东省,2142:广西壮族自治区,2268:海南省,2324:重庆市,2365:四川省,2570:贵州省,2668:云南省,2814:西藏自治区,2896:陕西省,3014:甘肃省,3118:青海省,3173:宁夏回族自治区,3201:新疆维吾尔自治区,3322:台湾省,3701:香港特别行政区,3721:澳门特别行政区', 10.00, 2.00, 1.00, 2.00);
INSERT INTO `freight_rule` VALUES (4, 3, '1:北京市,19:天津市,37:河北省,217:山西省,348:内蒙古自治区,464:辽宁省,579:吉林省,649:黑龙江省,795:上海市,813:江苏省,923:浙江省,1024:安徽省,1146:福建省,1241:江西省,1353:山东省,1508:河南省,1685:湖北省,1803:湖南省,1940:广东省,2142:广西壮族自治区,2268:海南省,2324:重庆市,2365:四川省,2570:贵州省,2668:云南省,2814:西藏自治区,2896:陕西省,3014:甘肃省,3118:青海省,3173:宁夏回族自治区,3201:新疆维吾尔自治区,3322:台湾省,3701:香港特别行政区,3721:澳门特别行政区', 1.00, 10.00, 1.00, 6.00);

-- ----------------------------
-- Table structure for freight_template
-- ----------------------------
DROP TABLE IF EXISTS `freight_template`;
CREATE TABLE `freight_template`  (
  `id` bigint(0) NOT NULL AUTO_INCREMENT COMMENT '主键id',
  `name` varchar(255) CHARACTER SET utf8 COLLATE utf8_general_ci NULL DEFAULT NULL COMMENT '模板名称',
  `type` int(0) NULL DEFAULT NULL COMMENT '模板类型 0:买家承担运费 1:卖家承担运费',
  `charge_type` int(0) NULL DEFAULT NULL COMMENT '计费方式 0:按数量 1:按金额 2:按体积',
  `is_default` tinyint(0) NULL DEFAULT NULL COMMENT '是否是默认模板',
  `enable_default_freight` tinyint(0) NULL DEFAULT NULL COMMENT '是否开启默认运费（若开启默认运费，未设置的地区使用默认运费，否则，未设置的地区不支持配送）',
  `enable_condition_free` tinyint(0) NULL DEFAULT NULL COMMENT '是否指定条件包邮',
  `admin_user_id` bigint(0) NULL DEFAULT NULL COMMENT '所属商户id',
  `create_time` datetime(0) NULL DEFAULT NULL COMMENT '创建时间',
  `update_time` datetime(0) NULL DEFAULT NULL COMMENT '更新时间',
  `create_by` bigint(0) NULL DEFAULT NULL COMMENT '创建人id',
  `update_by` bigint(0) NULL DEFAULT NULL COMMENT '更新人id',
  PRIMARY KEY (`id`) USING BTREE
) ENGINE = InnoDB AUTO_INCREMENT = 4 CHARACTER SET = utf8 COLLATE = utf8_general_ci ROW_FORMAT = Dynamic;

-- ----------------------------
-- Records of freight_template
-- ----------------------------
INSERT INTO `freight_template` VALUES (1, '按件数计费', 0, 0, 1, 1, 1, 2, '2022-01-27 14:06:22', '2022-06-07 21:42:14', 2, NULL);
INSERT INTO `freight_template` VALUES (2, '按重量计费', 0, 1, 0, 1, 0, 2, '2022-06-07 21:43:23', NULL, 2, NULL);
INSERT INTO `freight_template` VALUES (3, '按体积计费', 0, 2, 0, 1, 0, 2, '2022-06-07 21:43:59', NULL, 2, NULL);

-- ----------------------------
-- Table structure for homepage_carousel
-- ----------------------------
DROP TABLE IF EXISTS `homepage_carousel`;
CREATE TABLE `homepage_carousel`  (
  `id` bigint(0) NOT NULL AUTO_INCREMENT COMMENT '主键id',
  `name` varchar(255) CHARACTER SET utf8 COLLATE utf8_general_ci NULL DEFAULT NULL COMMENT '轮播图名称',
  `goods_id` bigint(0) NULL DEFAULT NULL COMMENT '关联的商品id',
  `url` varchar(300) CHARACTER SET utf8 COLLATE utf8_general_ci NULL DEFAULT NULL COMMENT '图片地址',
  `sort_num` int(0) NULL DEFAULT NULL COMMENT '排序值',
  `enable` tinyint(0) NULL DEFAULT NULL COMMENT '是否启用',
  PRIMARY KEY (`id`) USING BTREE
) ENGINE = InnoDB AUTO_INCREMENT = 5 CHARACTER SET = utf8 COLLATE = utf8_general_ci COMMENT = '商城首页轮播图' ROW_FORMAT = Dynamic;

-- ----------------------------
-- Records of homepage_carousel
-- ----------------------------
INSERT INTO `homepage_carousel` VALUES (1, '测试轮播图1', 1, 'https://dongjuntao-1303976517.cos.ap-shanghai.myqcloud.com/homepage/carousel/images/165820028675685489620211021-6474f7f341aa4cebbc34583d5c433e54ac69ed66f8374faf.jpg', 1, 1);
INSERT INTO `homepage_carousel` VALUES (2, '测试轮播图2', 2, 'https://dongjuntao-1303976517.cos.ap-shanghai.myqcloud.com/homepage/carousel/images/165820031528215666220210506-bf20c94bbdda4bd99d9be623d69fd1b6f20b331cd973447c.jpg', 2, 1);
INSERT INTO `homepage_carousel` VALUES (4, '测试轮播图3', 1, 'https://dongjuntao-1303976517.cos.ap-shanghai.myqcloud.com/homepage/carousel/images/165820033761557470320220613-3002437cb88e4a6fa599c385f129dab107b247ca4d154490.jpg', 2, 1);

-- ----------------------------
-- Table structure for homepage_navbar
-- ----------------------------
DROP TABLE IF EXISTS `homepage_navbar`;
CREATE TABLE `homepage_navbar`  (
  `id` bigint(0) NOT NULL AUTO_INCREMENT COMMENT '主键',
  `name` varchar(255) CHARACTER SET utf8 COLLATE utf8_general_ci NULL DEFAULT NULL COMMENT '导航栏名称',
  `link_url` varchar(255) CHARACTER SET utf8 COLLATE utf8_general_ci NULL DEFAULT NULL COMMENT '跳转链接',
  `enable` tinyint(0) NULL DEFAULT NULL COMMENT '是否启用',
  `sort_num` int(0) NULL DEFAULT NULL COMMENT '排序值',
  PRIMARY KEY (`id`) USING BTREE
) ENGINE = InnoDB AUTO_INCREMENT = 7 CHARACTER SET = utf8 COLLATE = utf8_general_ci COMMENT = '首页导航栏表' ROW_FORMAT = Dynamic;

-- ----------------------------
-- Records of homepage_navbar
-- ----------------------------
INSERT INTO `homepage_navbar` VALUES (4, '秒杀', '/seckill', 1, 0);
INSERT INTO `homepage_navbar` VALUES (5, '领券中心', '/coupon', 1, 1);

-- ----------------------------
-- Table structure for homepage_plate
-- ----------------------------
DROP TABLE IF EXISTS `homepage_plate`;
CREATE TABLE `homepage_plate`  (
  `id` bigint(0) NOT NULL AUTO_INCREMENT COMMENT '主键id',
  `name` varchar(255) CHARACTER SET utf8 COLLATE utf8_general_ci NULL DEFAULT NULL COMMENT '首页板块名称',
  `type` varchar(255) CHARACTER SET utf8 COLLATE utf8_general_ci NULL DEFAULT NULL COMMENT '板块类型',
  `bg_color` varchar(20) CHARACTER SET utf8 COLLATE utf8_general_ci NULL DEFAULT NULL COMMENT '板块背景色',
  `second_name` varchar(255) CHARACTER SET utf8 COLLATE utf8_general_ci NULL DEFAULT NULL COMMENT '首页板块二级名称',
  `max_limit` varchar(255) CHARACTER SET utf8 COLLATE utf8_general_ci NULL DEFAULT NULL COMMENT '板块内最大容纳商品数量',
  `enable` tinyint(0) NULL DEFAULT NULL COMMENT '是否启用',
  PRIMARY KEY (`id`) USING BTREE
) ENGINE = InnoDB AUTO_INCREMENT = 5 CHARACTER SET = utf8 COLLATE = utf8_general_ci COMMENT = '商城首页板块' ROW_FORMAT = Dynamic;

-- ----------------------------
-- Records of homepage_plate
-- ----------------------------
INSERT INTO `homepage_plate` VALUES (1, '秒杀', 'seckill', '#EE3F3F', '查看更多', '10', 1);
INSERT INTO `homepage_plate` VALUES (2, '好货推荐', 'goodsRecommend', '#EE3F3F', '更多好货', '10', 1);
INSERT INTO `homepage_plate` VALUES (3, '新品排行', 'newGoodsSort', '#F64494', '更多新品', '10', 1);
INSERT INTO `homepage_plate` VALUES (4, '优惠多多', 'manyDiscounts', '#E77B4C', '更多优惠', '10', 1);

-- ----------------------------
-- Table structure for homepage_plate_goods_related
-- ----------------------------
DROP TABLE IF EXISTS `homepage_plate_goods_related`;
CREATE TABLE `homepage_plate_goods_related`  (
  `id` bigint(0) NOT NULL AUTO_INCREMENT COMMENT '主键id',
  `plate_id` bigint(0) NULL DEFAULT NULL COMMENT '板块id',
  `goods_id` bigint(0) NULL DEFAULT NULL COMMENT '商品id',
  PRIMARY KEY (`id`) USING BTREE
) ENGINE = InnoDB AUTO_INCREMENT = 33 CHARACTER SET = utf8 COLLATE = utf8_general_ci ROW_FORMAT = Dynamic;

-- ----------------------------
-- Records of homepage_plate_goods_related
-- ----------------------------
INSERT INTO `homepage_plate_goods_related` VALUES (30, 2, 1);
INSERT INTO `homepage_plate_goods_related` VALUES (31, 3, 1);
INSERT INTO `homepage_plate_goods_related` VALUES (32, 4, 1);

-- ----------------------------
-- Table structure for logistics_company
-- ----------------------------
DROP TABLE IF EXISTS `logistics_company`;
CREATE TABLE `logistics_company`  (
  `id` bigint(0) NOT NULL AUTO_INCREMENT COMMENT '主键id',
  `name` varchar(255) CHARACTER SET utf8 COLLATE utf8_general_ci NULL DEFAULT NULL COMMENT '物流公司名称',
  `abbreviation` varchar(255) CHARACTER SET utf8 COLLATE utf8_general_ci NULL DEFAULT NULL COMMENT '物流公司简称',
  `code` varchar(255) CHARACTER SET utf8 COLLATE utf8_general_ci NULL DEFAULT NULL COMMENT '物流公司编码',
  `url` varchar(255) CHARACTER SET utf8 COLLATE utf8_general_ci NULL DEFAULT NULL COMMENT '物流公司网址',
  `order_num` int(0) NULL DEFAULT NULL COMMENT '排序 越小越靠前',
  `create_time` datetime(0) NULL DEFAULT NULL COMMENT '创建时间',
  `update_time` datetime(0) NULL DEFAULT NULL COMMENT '更新时间',
  PRIMARY KEY (`id`) USING BTREE
) ENGINE = InnoDB AUTO_INCREMENT = 10 CHARACTER SET = utf8 COLLATE = utf8_general_ci ROW_FORMAT = Dynamic;

-- ----------------------------
-- Records of logistics_company
-- ----------------------------
INSERT INTO `logistics_company` VALUES (1, '上海申通物流有限公司', '申通快递', 'STO', 'https://www.sto.cn/', 0, '2022-01-21 15:32:29', NULL);
INSERT INTO `logistics_company` VALUES (2, '顺丰速运（集团）有限公司', '顺丰速运', 'SF', 'https://www.sf-freight.com/', 1, '2022-01-21 15:33:53', NULL);
INSERT INTO `logistics_company` VALUES (3, '德邦物流股份有限公司', '德邦快递', 'DBKD', 'https://www.deppon.com/', 2, '2022-01-21 15:35:19', NULL);
INSERT INTO `logistics_company` VALUES (4, '百世物流科技(中国)有限公司', '百世快递', 'HTKY', 'https://800bestex.com/', 3, '2022-01-21 15:36:11', NULL);
INSERT INTO `logistics_company` VALUES (5, '中国邮政速递物流股份有限公司', 'EMS经济快递', 'EYB', 'https://www.ems.com.cn/', 4, '2022-01-21 15:37:33', NULL);
INSERT INTO `logistics_company` VALUES (6, '中国邮政速递物流股份有限公司', 'EMS标准', 'EMS', 'https://www.ems.com.cn/', 5, '2022-01-21 15:38:42', NULL);
INSERT INTO `logistics_company` VALUES (7, '中通快递股份有限公司', '中通快递', 'ZTO', 'https://www.zto.com/', 6, '2022-01-21 15:40:11', NULL);
INSERT INTO `logistics_company` VALUES (8, '上海圆通速递有限公司', '圆通快递', 'YTO', 'https://www.yto.net.cn/', 7, '2022-01-21 15:40:50', NULL);
INSERT INTO `logistics_company` VALUES (9, '上海韵达货运有限公司', '韵达快递', 'YUNDA', 'http://www.yundaex.com/cn/index.php', 8, '2022-01-21 15:41:46', NULL);

-- ----------------------------
-- Table structure for menu
-- ----------------------------
DROP TABLE IF EXISTS `menu`;
CREATE TABLE `menu`  (
  `id` bigint(0) NOT NULL AUTO_INCREMENT COMMENT '主键id',
  `parent_id` bigint(0) NULL DEFAULT NULL COMMENT '父菜单ID，一级菜单为0',
  `name` varchar(255) CHARACTER SET utf8 COLLATE utf8_general_ci NULL DEFAULT NULL COMMENT '菜单名称',
  `url` varchar(255) CHARACTER SET utf8 COLLATE utf8_general_ci NULL DEFAULT NULL COMMENT '菜单URL',
  `perms` varchar(255) CHARACTER SET utf8 COLLATE utf8_general_ci NULL DEFAULT NULL COMMENT '授权(多个用逗号分隔，如：user:list,user:create)',
  `type` int(0) NULL DEFAULT NULL COMMENT '类型   0：目录   1：菜单   2：按钮',
  `icon` varchar(255) CHARACTER SET utf8 COLLATE utf8_general_ci NULL DEFAULT NULL COMMENT '菜单图标',
  `order_num` int(0) NULL DEFAULT NULL COMMENT '排序',
  PRIMARY KEY (`id`) USING BTREE
) ENGINE = InnoDB AUTO_INCREMENT = 111 CHARACTER SET = utf8 COLLATE = utf8_general_ci ROW_FORMAT = Dynamic;

-- ----------------------------
-- Records of menu
-- ----------------------------
INSERT INTO `menu` VALUES (1, 0, '系统管理', NULL, NULL, 0, 'system', 10);
INSERT INTO `menu` VALUES (2, 1, '管理员', 'system/admin', NULL, 1, 'admin', 1);
INSERT INTO `menu` VALUES (3, 1, '角色管理', 'system/role', NULL, 1, 'role', 2);
INSERT INTO `menu` VALUES (4, 1, '菜单管理', 'system/menu', NULL, 1, 'menu', 3);
INSERT INTO `menu` VALUES (16, 2, '新增', NULL, 'system-admin-create', 2, NULL, 0);
INSERT INTO `menu` VALUES (17, 2, '修改', NULL, 'system-admin-update', 2, NULL, 0);
INSERT INTO `menu` VALUES (18, 2, '删除', NULL, 'system-admin-delete', 2, NULL, 0);
INSERT INTO `menu` VALUES (20, 3, '新增', NULL, 'system-role-create', 2, NULL, 0);
INSERT INTO `menu` VALUES (21, 3, '修改', NULL, 'system-role-update', 2, NULL, 0);
INSERT INTO `menu` VALUES (22, 3, '删除', NULL, 'system-role-delete', 2, NULL, 0);
INSERT INTO `menu` VALUES (24, 4, '新增', NULL, 'system-menu-create', 2, NULL, 0);
INSERT INTO `menu` VALUES (25, 4, '修改', NULL, 'system-menu-update', 2, NULL, 0);
INSERT INTO `menu` VALUES (26, 4, '删除', NULL, 'system-menu-delete', 2, NULL, 0);
INSERT INTO `menu` VALUES (31, 0, '商品管理', '', '', 0, 'sousuo', 1);
INSERT INTO `menu` VALUES (32, 31, '商品列表', 'goods/goods', '', 1, 'tubiao', 1);
INSERT INTO `menu` VALUES (33, 31, '商品分类', 'goods/category', '', 1, 'tubiao', 3);
INSERT INTO `menu` VALUES (34, 31, '商品规格', 'goods/specifications', '', 1, 'tixing', 2);
INSERT INTO `menu` VALUES (35, 31, '品牌管理', 'goods/brand', '', 1, 'system', 4);
INSERT INTO `menu` VALUES (36, 0, '商户管理', '', '', 0, 'geren', 2);
INSERT INTO `menu` VALUES (37, 36, '入驻店铺', 'merchant/merchant', '', 1, 'menu', 0);
INSERT INTO `menu` VALUES (38, 0, '物流管理', '', '', 0, 'editor', 4);
INSERT INTO `menu` VALUES (39, 38, '物流公司', 'logistics/company', '', 1, 'tubiao', 4);
INSERT INTO `menu` VALUES (40, 38, '区域管理', 'logistics/region', '', 1, 'dangdifill', 4);
INSERT INTO `menu` VALUES (41, 0, '营销管理', '', '', 0, 'log', 5);
INSERT INTO `menu` VALUES (42, 41, '优惠券管理', 'marketing/coupon', '', 1, 'bianji', 0);
INSERT INTO `menu` VALUES (43, 41, '秒杀管理', 'marketing/seckill', '', 1, 'xiangqufill', 5);
INSERT INTO `menu` VALUES (44, 32, '新增', '', 'goods-goods-create', 2, '', 0);
INSERT INTO `menu` VALUES (45, 32, '修改', '', 'goods-goods-update', 2, '', 0);
INSERT INTO `menu` VALUES (46, 32, '删除', '', 'goods-goods-delete', 2, '', 0);
INSERT INTO `menu` VALUES (47, 32, '批量删除', '', 'goods-goods-batchDelete', 2, '', 0);
INSERT INTO `menu` VALUES (48, 33, '新增', '', 'goods-category-create', 2, '', 0);
INSERT INTO `menu` VALUES (49, 33, '修改', '', 'goods-category-update', 2, '', 0);
INSERT INTO `menu` VALUES (50, 33, '删除', '', 'goods-category-delete', 2, '', 0);
INSERT INTO `menu` VALUES (51, 34, '新增', '', 'goods-specifications-create', 2, '', 0);
INSERT INTO `menu` VALUES (52, 34, '修改', '', 'goods-specifications-update', 2, '', 0);
INSERT INTO `menu` VALUES (53, 34, '删除', '', 'goods-specifications-delete', 2, '', 0);
INSERT INTO `menu` VALUES (54, 34, '批量删除', '', 'goods-specifications-batchDelete', 2, '', 0);
INSERT INTO `menu` VALUES (55, 32, '查询', '', 'goods-goods-search', 2, '', 0);
INSERT INTO `menu` VALUES (56, 34, '查询', '', 'goods-specifications-search', 2, '', 0);
INSERT INTO `menu` VALUES (57, 35, '新增', '', 'goods-brand-create', 2, '', 0);
INSERT INTO `menu` VALUES (58, 35, '修改', '', 'goods-brand-update', 2, '', 0);
INSERT INTO `menu` VALUES (59, 35, '删除', '', 'goods-brand-delete', 2, '', 0);
INSERT INTO `menu` VALUES (60, 35, '批量删除', '', 'goods-brand-batchDelete', 2, '', 0);
INSERT INTO `menu` VALUES (61, 35, '查询', '', 'goods-brand-search', 2, '', 0);
INSERT INTO `menu` VALUES (62, 36, '自营店铺', 'merchant/self', '', 1, 'tubiao', 0);
INSERT INTO `menu` VALUES (63, 37, '新增', '', 'merchant-merchant-create', 2, '', 0);
INSERT INTO `menu` VALUES (64, 37, '修改', '', 'merchant-merchant-update', 2, '', 0);
INSERT INTO `menu` VALUES (65, 37, '删除', '', 'merchant-merchant-delete', 2, '', 0);
INSERT INTO `menu` VALUES (66, 37, '批量删除', '', 'merchant-merchant-batchDelete', 2, '', 0);
INSERT INTO `menu` VALUES (67, 37, '审核', '', 'merchant-merchant-auth', 2, '', 0);
INSERT INTO `menu` VALUES (68, 37, '详情', '', 'merchant-merchant-detail', 2, '', 0);
INSERT INTO `menu` VALUES (69, 37, '查询', '', 'merchant-merchant-search', 2, '', 0);
INSERT INTO `menu` VALUES (70, 39, '新增', '', 'logistics-company-create', 2, '', 0);
INSERT INTO `menu` VALUES (71, 39, '修改', '', 'logistics-company-update', 2, '', 0);
INSERT INTO `menu` VALUES (72, 39, '删除', '', 'logistics-company-delete', 2, '', 0);
INSERT INTO `menu` VALUES (73, 39, '批量删除', '', 'logistics-company-batchDelete', 2, '', 0);
INSERT INTO `menu` VALUES (74, 39, '查询', '', 'logistics-company-search', 2, '', 0);
INSERT INTO `menu` VALUES (75, 40, '新增', '', 'logistics-region-create', 2, '', 0);
INSERT INTO `menu` VALUES (76, 40, '修改', '', 'logistics-region-update', 2, '', 0);
INSERT INTO `menu` VALUES (77, 40, '删除', '', 'logistics-region-delete', 2, '', 0);
INSERT INTO `menu` VALUES (78, 42, '新增', '', 'marketing-coupon-create', 2, '', 0);
INSERT INTO `menu` VALUES (79, 42, '修改', '', 'marketing-coupon-update', 2, '', 0);
INSERT INTO `menu` VALUES (80, 42, '删除', '', 'marketing-coupon-delete', 2, '', 0);
INSERT INTO `menu` VALUES (81, 42, '批量删除', '', 'marketing-coupon-batchDelete', 2, '', 0);
INSERT INTO `menu` VALUES (82, 42, '查询', '', 'marketing-coupon-search', 2, '', 0);
INSERT INTO `menu` VALUES (83, 42, '审核', '', 'marketing-coupon-auth', 2, '', 0);
INSERT INTO `menu` VALUES (84, 42, '拒绝原因', '', 'marketing-coupon-opinion', 2, '', 0);
INSERT INTO `menu` VALUES (85, 42, '领取情况', '', 'marketing-coupon-receiveDetail', 2, '', 0);
INSERT INTO `menu` VALUES (86, 43, '新增', '', 'marketing-seckill-create', 2, '', 0);
INSERT INTO `menu` VALUES (87, 43, '修改', '', 'marketing-seckill-update', 2, '', 0);
INSERT INTO `menu` VALUES (88, 43, '删除', '', 'marketing-seckill-delete', 2, '', 0);
INSERT INTO `menu` VALUES (89, 43, '批量删除', '', 'marketing-seckill-batchDelete', 2, '', 0);
INSERT INTO `menu` VALUES (90, 43, '查询', '', 'marketing-seckill-search', 2, '', 0);
INSERT INTO `menu` VALUES (91, 43, '审核', '', 'marketing-seckill-auth', 2, '', 0);
INSERT INTO `menu` VALUES (92, 43, '拒绝原因', '', 'marketing-seckill-opinion', 2, '', 0);
INSERT INTO `menu` VALUES (93, 2, '批量删除', '', 'system-admin-batchDelete', 2, '', 0);
INSERT INTO `menu` VALUES (94, 2, '查询', '', 'system-admin-search', 2, '', 0);
INSERT INTO `menu` VALUES (95, 62, '新增', '', 'merchant-self-create', 2, '', 0);
INSERT INTO `menu` VALUES (96, 62, '修改', '', 'merchant-self-update', 2, '', 0);
INSERT INTO `menu` VALUES (97, 62, '删除', '', 'merchant-self-delete', 2, '', 0);
INSERT INTO `menu` VALUES (98, 62, '批量删除', '', 'merchant-self-batchDelete', 2, '', 0);
INSERT INTO `menu` VALUES (99, 62, '查询', '', 'merchant-self-search', 2, '', 0);
INSERT INTO `menu` VALUES (100, 62, '详情', '', 'merchant-self-detail', 2, '', 0);
INSERT INTO `menu` VALUES (101, 0, '会员管理', '', '', 0, 'geren', 0);
INSERT INTO `menu` VALUES (102, 101, '会员列表', 'member/member', '', 1, 'admin', 0);
INSERT INTO `menu` VALUES (103, 0, '商城管理', '', '', 0, 'zonghe', 9);
INSERT INTO `menu` VALUES (104, 103, 'PC端商城', 'mall/homepage', '', 1, 'xiangqu', 0);
INSERT INTO `menu` VALUES (105, 1, '支付管理', 'system/payType', '', 1, 'bianji', 3);
INSERT INTO `menu` VALUES (106, 105, '新增', '', 'system-payType-create', 2, '', 0);
INSERT INTO `menu` VALUES (107, 105, '修改', '', 'system-payType-update', 2, '', 0);
INSERT INTO `menu` VALUES (108, 105, '删除', '', 'system-payType-delete', 2, '', 0);
INSERT INTO `menu` VALUES (109, 105, '批量删除', '', 'system-payType-batchDelete', 2, '', 0);
INSERT INTO `menu` VALUES (110, 105, '查询', '', 'system-payType-search', 2, '', 0);

-- ----------------------------
-- Table structure for pay_type
-- ----------------------------
DROP TABLE IF EXISTS `pay_type`;
CREATE TABLE `pay_type`  (
  `id` bigint(0) NOT NULL AUTO_INCREMENT COMMENT '主键id',
  `name` varchar(255) CHARACTER SET utf8 COLLATE utf8_general_ci NULL DEFAULT NULL COMMENT '支付名称',
  `logo` varchar(300) CHARACTER SET utf8 COLLATE utf8_general_ci NULL DEFAULT NULL COMMENT '图标',
  `type` varchar(20) CHARACTER SET utf8 COLLATE utf8_general_ci NULL DEFAULT NULL COMMENT '支付类型',
  `description` varchar(255) CHARACTER SET utf8 COLLATE utf8_general_ci NULL DEFAULT NULL COMMENT '描述',
  `enable` tinyint(0) NULL DEFAULT NULL COMMENT '是否启用',
  `create_time` datetime(0) NULL DEFAULT NULL COMMENT '创建时间',
  PRIMARY KEY (`id`) USING BTREE
) ENGINE = InnoDB AUTO_INCREMENT = 3 CHARACTER SET = utf8 COLLATE = utf8_general_ci COMMENT = '支付方式表' ROW_FORMAT = Dynamic;

-- ----------------------------
-- Records of pay_type
-- ----------------------------
INSERT INTO `pay_type` VALUES (1, '支付宝支付', 'https://dongjuntao-1303976517.cos.ap-shanghai.myqcloud.com/pay/logo/images/1655991927797301187alipay.png', 'ALI_PAY', '使用支付宝扫码支付', 1, '2022-06-19 16:02:04');
INSERT INTO `pay_type` VALUES (2, '微信支付', 'https://dongjuntao-1303976517.cos.ap-shanghai.myqcloud.com/pay/logo/images/1655992098775458323wechat.png', 'WECHAT_PAY', '使用微信扫码支付', 1, '2022-06-19 16:24:42');

-- ----------------------------
-- Table structure for region
-- ----------------------------
DROP TABLE IF EXISTS `region`;
CREATE TABLE `region`  (
  `id` bigint(0) NOT NULL AUTO_INCREMENT COMMENT '主键id',
  `name` varchar(255) CHARACTER SET utf8 COLLATE utf8_general_ci NULL DEFAULT NULL COMMENT '区域名称',
  `code` varchar(255) CHARACTER SET utf8 COLLATE utf8_general_ci NULL DEFAULT NULL COMMENT '区域编码',
  `region_type` varchar(255) CHARACTER SET utf8 COLLATE utf8_general_ci NULL DEFAULT NULL COMMENT '区域类型',
  `parent_id` bigint(0) NULL DEFAULT NULL COMMENT '父区域id',
  PRIMARY KEY (`id`) USING BTREE
) ENGINE = InnoDB AUTO_INCREMENT = 3727 CHARACTER SET = utf8 COLLATE = utf8_general_ci ROW_FORMAT = Dynamic;

-- ----------------------------
-- Records of region
-- ----------------------------
INSERT INTO `region` VALUES (1, '北京市', '110000', 'province', 0);
INSERT INTO `region` VALUES (2, '北京市', '110100', 'city', 1);
INSERT INTO `region` VALUES (3, '东城区', '110101', 'area', 2);
INSERT INTO `region` VALUES (4, '西城区', '110102', 'area', 2);
INSERT INTO `region` VALUES (5, '朝阳区', '110105', 'area', 2);
INSERT INTO `region` VALUES (6, '丰台区', '110106', 'area', 2);
INSERT INTO `region` VALUES (7, '石景山区', '110107', 'area', 2);
INSERT INTO `region` VALUES (8, '海淀区', '110108', 'area', 2);
INSERT INTO `region` VALUES (9, '门头沟区', '110109', 'area', 2);
INSERT INTO `region` VALUES (10, '房山区', '110111', 'area', 2);
INSERT INTO `region` VALUES (11, '通州区', '110112', 'area', 2);
INSERT INTO `region` VALUES (12, '顺义区', '110113', 'area', 2);
INSERT INTO `region` VALUES (13, '昌平区', '110114', 'area', 2);
INSERT INTO `region` VALUES (14, '大兴区', '110115', 'area', 2);
INSERT INTO `region` VALUES (15, '怀柔区', '110116', 'area', 2);
INSERT INTO `region` VALUES (16, '平谷区', '110117', 'area', 2);
INSERT INTO `region` VALUES (17, '密云区', '110118', 'area', 2);
INSERT INTO `region` VALUES (18, '延庆区', '110119', 'area', 2);
INSERT INTO `region` VALUES (19, '天津市', '120000', 'province', 0);
INSERT INTO `region` VALUES (20, '天津市', '120100', 'city', 19);
INSERT INTO `region` VALUES (21, '和平区', '120101', 'area', 20);
INSERT INTO `region` VALUES (22, '河东区', '120102', 'area', 20);
INSERT INTO `region` VALUES (23, '河西区', '120103', 'area', 20);
INSERT INTO `region` VALUES (24, '南开区', '120104', 'area', 20);
INSERT INTO `region` VALUES (25, '河北区', '120105', 'area', 20);
INSERT INTO `region` VALUES (26, '红桥区', '120106', 'area', 20);
INSERT INTO `region` VALUES (27, '东丽区', '120110', 'area', 20);
INSERT INTO `region` VALUES (28, '西青区', '120111', 'area', 20);
INSERT INTO `region` VALUES (29, '津南区', '120112', 'area', 20);
INSERT INTO `region` VALUES (30, '北辰区', '120113', 'area', 20);
INSERT INTO `region` VALUES (31, '武清区', '120114', 'area', 20);
INSERT INTO `region` VALUES (32, '宝坻区', '120115', 'area', 20);
INSERT INTO `region` VALUES (33, '滨海新区', '120116', 'area', 20);
INSERT INTO `region` VALUES (34, '宁河区', '120117', 'area', 20);
INSERT INTO `region` VALUES (35, '静海区', '120118', 'area', 20);
INSERT INTO `region` VALUES (36, '蓟州区', '120119', 'area', 20);
INSERT INTO `region` VALUES (37, '河北省', '130000', 'province', 0);
INSERT INTO `region` VALUES (38, '石家庄市', '130100', 'city', 37);
INSERT INTO `region` VALUES (39, '长安区', '130102', 'area', 38);
INSERT INTO `region` VALUES (40, '桥西区', '130104', 'area', 38);
INSERT INTO `region` VALUES (41, '新华区', '130105', 'area', 38);
INSERT INTO `region` VALUES (42, '井陉矿区', '130107', 'area', 38);
INSERT INTO `region` VALUES (43, '裕华区', '130108', 'area', 38);
INSERT INTO `region` VALUES (44, '藁城区', '130109', 'area', 38);
INSERT INTO `region` VALUES (45, '鹿泉区', '130110', 'area', 38);
INSERT INTO `region` VALUES (46, '栾城区', '130111', 'area', 38);
INSERT INTO `region` VALUES (47, '井陉县', '130121', 'area', 38);
INSERT INTO `region` VALUES (48, '正定县', '130123', 'area', 38);
INSERT INTO `region` VALUES (49, '行唐县', '130125', 'area', 38);
INSERT INTO `region` VALUES (50, '灵寿县', '130126', 'area', 38);
INSERT INTO `region` VALUES (51, '高邑县', '130127', 'area', 38);
INSERT INTO `region` VALUES (52, '深泽县', '130128', 'area', 38);
INSERT INTO `region` VALUES (53, '赞皇县', '130129', 'area', 38);
INSERT INTO `region` VALUES (54, '无极县', '130130', 'area', 38);
INSERT INTO `region` VALUES (55, '平山县', '130131', 'area', 38);
INSERT INTO `region` VALUES (56, '元氏县', '130132', 'area', 38);
INSERT INTO `region` VALUES (57, '赵县', '130133', 'area', 38);
INSERT INTO `region` VALUES (58, '辛集市', '130181', 'area', 38);
INSERT INTO `region` VALUES (59, '晋州市', '130183', 'area', 38);
INSERT INTO `region` VALUES (60, '新乐市', '130184', 'area', 38);
INSERT INTO `region` VALUES (61, '唐山市', '130200', 'city', 37);
INSERT INTO `region` VALUES (62, '路南区', '130202', 'area', 61);
INSERT INTO `region` VALUES (63, '路北区', '130203', 'area', 61);
INSERT INTO `region` VALUES (64, '古冶区', '130204', 'area', 61);
INSERT INTO `region` VALUES (65, '开平区', '130205', 'area', 61);
INSERT INTO `region` VALUES (66, '丰南区', '130207', 'area', 61);
INSERT INTO `region` VALUES (67, '丰润区', '130208', 'area', 61);
INSERT INTO `region` VALUES (68, '曹妃甸区', '130209', 'area', 61);
INSERT INTO `region` VALUES (69, '滦县', '130223', 'area', 61);
INSERT INTO `region` VALUES (70, '滦南县', '130224', 'area', 61);
INSERT INTO `region` VALUES (71, '乐亭县', '130225', 'area', 61);
INSERT INTO `region` VALUES (72, '迁西县', '130227', 'area', 61);
INSERT INTO `region` VALUES (73, '玉田县', '130229', 'area', 61);
INSERT INTO `region` VALUES (74, '遵化市', '130281', 'area', 61);
INSERT INTO `region` VALUES (75, '迁安市', '130283', 'area', 61);
INSERT INTO `region` VALUES (76, '秦皇岛市', '130300', 'city', 37);
INSERT INTO `region` VALUES (77, '海港区', '130302', 'area', 76);
INSERT INTO `region` VALUES (78, '山海关区', '130303', 'area', 76);
INSERT INTO `region` VALUES (79, '北戴河区', '130304', 'area', 76);
INSERT INTO `region` VALUES (80, '抚宁区', '130306', 'area', 76);
INSERT INTO `region` VALUES (81, '青龙满族自治县', '130321', 'area', 76);
INSERT INTO `region` VALUES (82, '昌黎县', '130322', 'area', 76);
INSERT INTO `region` VALUES (83, '卢龙县', '130324', 'area', 76);
INSERT INTO `region` VALUES (84, '邯郸市', '130400', 'city', 37);
INSERT INTO `region` VALUES (85, '邯山区', '130402', 'area', 84);
INSERT INTO `region` VALUES (86, '丛台区', '130403', 'area', 84);
INSERT INTO `region` VALUES (87, '复兴区', '130404', 'area', 84);
INSERT INTO `region` VALUES (88, '峰峰矿区', '130406', 'area', 84);
INSERT INTO `region` VALUES (89, '肥乡区', '130407', 'area', 84);
INSERT INTO `region` VALUES (90, '永年区', '130408', 'area', 84);
INSERT INTO `region` VALUES (91, '临漳县', '130423', 'area', 84);
INSERT INTO `region` VALUES (92, '成安县', '130424', 'area', 84);
INSERT INTO `region` VALUES (93, '大名县', '130425', 'area', 84);
INSERT INTO `region` VALUES (94, '涉县', '130426', 'area', 84);
INSERT INTO `region` VALUES (95, '磁县', '130427', 'area', 84);
INSERT INTO `region` VALUES (96, '邱县', '130430', 'area', 84);
INSERT INTO `region` VALUES (97, '鸡泽县', '130431', 'area', 84);
INSERT INTO `region` VALUES (98, '广平县', '130432', 'area', 84);
INSERT INTO `region` VALUES (99, '馆陶县', '130433', 'area', 84);
INSERT INTO `region` VALUES (100, '魏县', '130434', 'area', 84);
INSERT INTO `region` VALUES (101, '曲周县', '130435', 'area', 84);
INSERT INTO `region` VALUES (102, '武安市', '130481', 'area', 84);
INSERT INTO `region` VALUES (103, '邢台市', '130500', 'city', 37);
INSERT INTO `region` VALUES (104, '桥东区', '130502', 'area', 103);
INSERT INTO `region` VALUES (105, '桥西区', '130503', 'area', 103);
INSERT INTO `region` VALUES (106, '邢台县', '130521', 'area', 103);
INSERT INTO `region` VALUES (107, '临城县', '130522', 'area', 103);
INSERT INTO `region` VALUES (108, '内丘县', '130523', 'area', 103);
INSERT INTO `region` VALUES (109, '柏乡县', '130524', 'area', 103);
INSERT INTO `region` VALUES (110, '隆尧县', '130525', 'area', 103);
INSERT INTO `region` VALUES (111, '任县', '130526', 'area', 103);
INSERT INTO `region` VALUES (112, '南和县', '130527', 'area', 103);
INSERT INTO `region` VALUES (113, '宁晋县', '130528', 'area', 103);
INSERT INTO `region` VALUES (114, '巨鹿县', '130529', 'area', 103);
INSERT INTO `region` VALUES (115, '新河县', '130530', 'area', 103);
INSERT INTO `region` VALUES (116, '广宗县', '130531', 'area', 103);
INSERT INTO `region` VALUES (117, '平乡县', '130532', 'area', 103);
INSERT INTO `region` VALUES (118, '威县', '130533', 'area', 103);
INSERT INTO `region` VALUES (119, '清河县', '130534', 'area', 103);
INSERT INTO `region` VALUES (120, '临西县', '130535', 'area', 103);
INSERT INTO `region` VALUES (121, '南宫市', '130581', 'area', 103);
INSERT INTO `region` VALUES (122, '沙河市', '130582', 'area', 103);
INSERT INTO `region` VALUES (123, '保定市', '130600', 'city', 37);
INSERT INTO `region` VALUES (124, '竞秀区', '130602', 'area', 123);
INSERT INTO `region` VALUES (125, '莲池区', '130606', 'area', 123);
INSERT INTO `region` VALUES (126, '满城区', '130607', 'area', 123);
INSERT INTO `region` VALUES (127, '清苑区', '130608', 'area', 123);
INSERT INTO `region` VALUES (128, '徐水区', '130609', 'area', 123);
INSERT INTO `region` VALUES (129, '涞水县', '130623', 'area', 123);
INSERT INTO `region` VALUES (130, '阜平县', '130624', 'area', 123);
INSERT INTO `region` VALUES (131, '定兴县', '130626', 'area', 123);
INSERT INTO `region` VALUES (132, '唐县', '130627', 'area', 123);
INSERT INTO `region` VALUES (133, '高阳县', '130628', 'area', 123);
INSERT INTO `region` VALUES (134, '容城县', '130629', 'area', 123);
INSERT INTO `region` VALUES (135, '涞源县', '130630', 'area', 123);
INSERT INTO `region` VALUES (136, '望都县', '130631', 'area', 123);
INSERT INTO `region` VALUES (137, '安新县', '130632', 'area', 123);
INSERT INTO `region` VALUES (138, '易县', '130633', 'area', 123);
INSERT INTO `region` VALUES (139, '曲阳县', '130634', 'area', 123);
INSERT INTO `region` VALUES (140, '蠡县', '130635', 'area', 123);
INSERT INTO `region` VALUES (141, '顺平县', '130636', 'area', 123);
INSERT INTO `region` VALUES (142, '博野县', '130637', 'area', 123);
INSERT INTO `region` VALUES (143, '雄县', '130638', 'area', 123);
INSERT INTO `region` VALUES (144, '涿州市', '130681', 'area', 123);
INSERT INTO `region` VALUES (145, '定州市', '130682', 'area', 123);
INSERT INTO `region` VALUES (146, '安国市', '130683', 'area', 123);
INSERT INTO `region` VALUES (147, '高碑店市', '130684', 'area', 123);
INSERT INTO `region` VALUES (148, '张家口市', '130700', 'city', 37);
INSERT INTO `region` VALUES (149, '桥东区', '130702', 'area', 148);
INSERT INTO `region` VALUES (150, '桥西区', '130703', 'area', 148);
INSERT INTO `region` VALUES (151, '宣化区', '130705', 'area', 148);
INSERT INTO `region` VALUES (152, '下花园区', '130706', 'area', 148);
INSERT INTO `region` VALUES (153, '万全区', '130708', 'area', 148);
INSERT INTO `region` VALUES (154, '崇礼区', '130709', 'area', 148);
INSERT INTO `region` VALUES (155, '张北县', '130722', 'area', 148);
INSERT INTO `region` VALUES (156, '康保县', '130723', 'area', 148);
INSERT INTO `region` VALUES (157, '沽源县', '130724', 'area', 148);
INSERT INTO `region` VALUES (158, '尚义县', '130725', 'area', 148);
INSERT INTO `region` VALUES (159, '蔚县', '130726', 'area', 148);
INSERT INTO `region` VALUES (160, '阳原县', '130727', 'area', 148);
INSERT INTO `region` VALUES (161, '怀安县', '130728', 'area', 148);
INSERT INTO `region` VALUES (162, '怀来县', '130730', 'area', 148);
INSERT INTO `region` VALUES (163, '涿鹿县', '130731', 'area', 148);
INSERT INTO `region` VALUES (164, '赤城县', '130732', 'area', 148);
INSERT INTO `region` VALUES (165, '承德市', '130800', 'city', 37);
INSERT INTO `region` VALUES (166, '双桥区', '130802', 'area', 165);
INSERT INTO `region` VALUES (167, '双滦区', '130803', 'area', 165);
INSERT INTO `region` VALUES (168, '鹰手营子矿区', '130804', 'area', 165);
INSERT INTO `region` VALUES (169, '承德县', '130821', 'area', 165);
INSERT INTO `region` VALUES (170, '兴隆县', '130822', 'area', 165);
INSERT INTO `region` VALUES (171, '滦平县', '130824', 'area', 165);
INSERT INTO `region` VALUES (172, '隆化县', '130825', 'area', 165);
INSERT INTO `region` VALUES (173, '丰宁满族自治县', '130826', 'area', 165);
INSERT INTO `region` VALUES (174, '宽城满族自治县', '130827', 'area', 165);
INSERT INTO `region` VALUES (175, '围场满族蒙古族自治县', '130828', 'area', 165);
INSERT INTO `region` VALUES (176, '平泉市', '130881', 'area', 165);
INSERT INTO `region` VALUES (177, '沧州市', '130900', 'city', 37);
INSERT INTO `region` VALUES (178, '新华区', '130902', 'area', 177);
INSERT INTO `region` VALUES (179, '运河区', '130903', 'area', 177);
INSERT INTO `region` VALUES (180, '沧县', '130921', 'area', 177);
INSERT INTO `region` VALUES (181, '青县', '130922', 'area', 177);
INSERT INTO `region` VALUES (182, '东光县', '130923', 'area', 177);
INSERT INTO `region` VALUES (183, '海兴县', '130924', 'area', 177);
INSERT INTO `region` VALUES (184, '盐山县', '130925', 'area', 177);
INSERT INTO `region` VALUES (185, '肃宁县', '130926', 'area', 177);
INSERT INTO `region` VALUES (186, '南皮县', '130927', 'area', 177);
INSERT INTO `region` VALUES (187, '吴桥县', '130928', 'area', 177);
INSERT INTO `region` VALUES (188, '献县', '130929', 'area', 177);
INSERT INTO `region` VALUES (189, '孟村回族自治县', '130930', 'area', 177);
INSERT INTO `region` VALUES (190, '泊头市', '130981', 'area', 177);
INSERT INTO `region` VALUES (191, '任丘市', '130982', 'area', 177);
INSERT INTO `region` VALUES (192, '黄骅市', '130983', 'area', 177);
INSERT INTO `region` VALUES (193, '河间市', '130984', 'area', 177);
INSERT INTO `region` VALUES (194, '廊坊市', '131000', 'city', 37);
INSERT INTO `region` VALUES (195, '安次区', '131002', 'area', 194);
INSERT INTO `region` VALUES (196, '广阳区', '131003', 'area', 194);
INSERT INTO `region` VALUES (197, '固安县', '131022', 'area', 194);
INSERT INTO `region` VALUES (198, '永清县', '131023', 'area', 194);
INSERT INTO `region` VALUES (199, '香河县', '131024', 'area', 194);
INSERT INTO `region` VALUES (200, '大城县', '131025', 'area', 194);
INSERT INTO `region` VALUES (201, '文安县', '131026', 'area', 194);
INSERT INTO `region` VALUES (202, '大厂回族自治县', '131028', 'area', 194);
INSERT INTO `region` VALUES (203, '霸州市', '131081', 'area', 194);
INSERT INTO `region` VALUES (204, '三河市', '131082', 'area', 194);
INSERT INTO `region` VALUES (205, '衡水市', '131100', 'city', 37);
INSERT INTO `region` VALUES (206, '桃城区', '131102', 'area', 205);
INSERT INTO `region` VALUES (207, '冀州区', '131103', 'area', 205);
INSERT INTO `region` VALUES (208, '枣强县', '131121', 'area', 205);
INSERT INTO `region` VALUES (209, '武邑县', '131122', 'area', 205);
INSERT INTO `region` VALUES (210, '武强县', '131123', 'area', 205);
INSERT INTO `region` VALUES (211, '饶阳县', '131124', 'area', 205);
INSERT INTO `region` VALUES (212, '安平县', '131125', 'area', 205);
INSERT INTO `region` VALUES (213, '故城县', '131126', 'area', 205);
INSERT INTO `region` VALUES (214, '景县', '131127', 'area', 205);
INSERT INTO `region` VALUES (215, '阜城县', '131128', 'area', 205);
INSERT INTO `region` VALUES (216, '深州市', '131182', 'area', 205);
INSERT INTO `region` VALUES (217, '山西省', '140000', 'province', 0);
INSERT INTO `region` VALUES (218, '太原市', '140100', 'city', 217);
INSERT INTO `region` VALUES (219, '小店区', '140105', 'area', 218);
INSERT INTO `region` VALUES (220, '迎泽区', '140106', 'area', 218);
INSERT INTO `region` VALUES (221, '杏花岭区', '140107', 'area', 218);
INSERT INTO `region` VALUES (222, '尖草坪区', '140108', 'area', 218);
INSERT INTO `region` VALUES (223, '万柏林区', '140109', 'area', 218);
INSERT INTO `region` VALUES (224, '晋源区', '140110', 'area', 218);
INSERT INTO `region` VALUES (225, '清徐县', '140121', 'area', 218);
INSERT INTO `region` VALUES (226, '阳曲县', '140122', 'area', 218);
INSERT INTO `region` VALUES (227, '娄烦县', '140123', 'area', 218);
INSERT INTO `region` VALUES (228, '古交市', '140181', 'area', 218);
INSERT INTO `region` VALUES (229, '大同市', '140200', 'city', 217);
INSERT INTO `region` VALUES (230, '城区', '140202', 'area', 229);
INSERT INTO `region` VALUES (231, '矿区', '140203', 'area', 229);
INSERT INTO `region` VALUES (232, '南郊区', '140211', 'area', 229);
INSERT INTO `region` VALUES (233, '新荣区', '140212', 'area', 229);
INSERT INTO `region` VALUES (234, '阳高县', '140221', 'area', 229);
INSERT INTO `region` VALUES (235, '天镇县', '140222', 'area', 229);
INSERT INTO `region` VALUES (236, '广灵县', '140223', 'area', 229);
INSERT INTO `region` VALUES (237, '灵丘县', '140224', 'area', 229);
INSERT INTO `region` VALUES (238, '浑源县', '140225', 'area', 229);
INSERT INTO `region` VALUES (239, '左云县', '140226', 'area', 229);
INSERT INTO `region` VALUES (240, '大同县', '140227', 'area', 229);
INSERT INTO `region` VALUES (241, '阳泉市', '140300', 'city', 217);
INSERT INTO `region` VALUES (242, '城区', '140302', 'area', 241);
INSERT INTO `region` VALUES (243, '矿区', '140303', 'area', 241);
INSERT INTO `region` VALUES (244, '郊区', '140311', 'area', 241);
INSERT INTO `region` VALUES (245, '平定县', '140321', 'area', 241);
INSERT INTO `region` VALUES (246, '盂县', '140322', 'area', 241);
INSERT INTO `region` VALUES (247, '长治市', '140400', 'city', 217);
INSERT INTO `region` VALUES (248, '城区', '140402', 'area', 247);
INSERT INTO `region` VALUES (249, '郊区', '140411', 'area', 247);
INSERT INTO `region` VALUES (250, '长治县', '140421', 'area', 247);
INSERT INTO `region` VALUES (251, '襄垣县', '140423', 'area', 247);
INSERT INTO `region` VALUES (252, '屯留县', '140424', 'area', 247);
INSERT INTO `region` VALUES (253, '平顺县', '140425', 'area', 247);
INSERT INTO `region` VALUES (254, '黎城县', '140426', 'area', 247);
INSERT INTO `region` VALUES (255, '壶关县', '140427', 'area', 247);
INSERT INTO `region` VALUES (256, '长子县', '140428', 'area', 247);
INSERT INTO `region` VALUES (257, '武乡县', '140429', 'area', 247);
INSERT INTO `region` VALUES (258, '沁县', '140430', 'area', 247);
INSERT INTO `region` VALUES (259, '沁源县', '140431', 'area', 247);
INSERT INTO `region` VALUES (260, '潞城市', '140481', 'area', 247);
INSERT INTO `region` VALUES (261, '晋城市', '140500', 'city', 217);
INSERT INTO `region` VALUES (262, '城区', '140502', 'area', 261);
INSERT INTO `region` VALUES (263, '沁水县', '140521', 'area', 261);
INSERT INTO `region` VALUES (264, '阳城县', '140522', 'area', 261);
INSERT INTO `region` VALUES (265, '陵川县', '140524', 'area', 261);
INSERT INTO `region` VALUES (266, '泽州县', '140525', 'area', 261);
INSERT INTO `region` VALUES (267, '高平市', '140581', 'area', 261);
INSERT INTO `region` VALUES (268, '朔州市', '140600', 'city', 217);
INSERT INTO `region` VALUES (269, '朔城区', '140602', 'area', 268);
INSERT INTO `region` VALUES (270, '平鲁区', '140603', 'area', 268);
INSERT INTO `region` VALUES (271, '山阴县', '140621', 'area', 268);
INSERT INTO `region` VALUES (272, '应县', '140622', 'area', 268);
INSERT INTO `region` VALUES (273, '右玉县', '140623', 'area', 268);
INSERT INTO `region` VALUES (274, '怀仁县', '140624', 'area', 268);
INSERT INTO `region` VALUES (275, '晋中市', '140700', 'city', 217);
INSERT INTO `region` VALUES (276, '榆次区', '140702', 'area', 275);
INSERT INTO `region` VALUES (277, '榆社县', '140721', 'area', 275);
INSERT INTO `region` VALUES (278, '左权县', '140722', 'area', 275);
INSERT INTO `region` VALUES (279, '和顺县', '140723', 'area', 275);
INSERT INTO `region` VALUES (280, '昔阳县', '140724', 'area', 275);
INSERT INTO `region` VALUES (281, '寿阳县', '140725', 'area', 275);
INSERT INTO `region` VALUES (282, '太谷县', '140726', 'area', 275);
INSERT INTO `region` VALUES (283, '祁县', '140727', 'area', 275);
INSERT INTO `region` VALUES (284, '平遥县', '140728', 'area', 275);
INSERT INTO `region` VALUES (285, '灵石县', '140729', 'area', 275);
INSERT INTO `region` VALUES (286, '介休市', '140781', 'area', 275);
INSERT INTO `region` VALUES (287, '运城市', '140800', 'city', 217);
INSERT INTO `region` VALUES (288, '盐湖区', '140802', 'area', 287);
INSERT INTO `region` VALUES (289, '临猗县', '140821', 'area', 287);
INSERT INTO `region` VALUES (290, '万荣县', '140822', 'area', 287);
INSERT INTO `region` VALUES (291, '闻喜县', '140823', 'area', 287);
INSERT INTO `region` VALUES (292, '稷山县', '140824', 'area', 287);
INSERT INTO `region` VALUES (293, '新绛县', '140825', 'area', 287);
INSERT INTO `region` VALUES (294, '绛县', '140826', 'area', 287);
INSERT INTO `region` VALUES (295, '垣曲县', '140827', 'area', 287);
INSERT INTO `region` VALUES (296, '夏县', '140828', 'area', 287);
INSERT INTO `region` VALUES (297, '平陆县', '140829', 'area', 287);
INSERT INTO `region` VALUES (298, '芮城县', '140830', 'area', 287);
INSERT INTO `region` VALUES (299, '永济市', '140881', 'area', 287);
INSERT INTO `region` VALUES (300, '河津市', '140882', 'area', 287);
INSERT INTO `region` VALUES (301, '忻州市', '140900', 'city', 217);
INSERT INTO `region` VALUES (302, '忻府区', '140902', 'area', 301);
INSERT INTO `region` VALUES (303, '定襄县', '140921', 'area', 301);
INSERT INTO `region` VALUES (304, '五台县', '140922', 'area', 301);
INSERT INTO `region` VALUES (305, '代县', '140923', 'area', 301);
INSERT INTO `region` VALUES (306, '繁峙县', '140924', 'area', 301);
INSERT INTO `region` VALUES (307, '宁武县', '140925', 'area', 301);
INSERT INTO `region` VALUES (308, '静乐县', '140926', 'area', 301);
INSERT INTO `region` VALUES (309, '神池县', '140927', 'area', 301);
INSERT INTO `region` VALUES (310, '五寨县', '140928', 'area', 301);
INSERT INTO `region` VALUES (311, '岢岚县', '140929', 'area', 301);
INSERT INTO `region` VALUES (312, '河曲县', '140930', 'area', 301);
INSERT INTO `region` VALUES (313, '保德县', '140931', 'area', 301);
INSERT INTO `region` VALUES (314, '偏关县', '140932', 'area', 301);
INSERT INTO `region` VALUES (315, '原平市', '140981', 'area', 301);
INSERT INTO `region` VALUES (316, '临汾市', '141000', 'city', 217);
INSERT INTO `region` VALUES (317, '尧都区', '141002', 'area', 316);
INSERT INTO `region` VALUES (318, '曲沃县', '141021', 'area', 316);
INSERT INTO `region` VALUES (319, '翼城县', '141022', 'area', 316);
INSERT INTO `region` VALUES (320, '襄汾县', '141023', 'area', 316);
INSERT INTO `region` VALUES (321, '洪洞县', '141024', 'area', 316);
INSERT INTO `region` VALUES (322, '古县', '141025', 'area', 316);
INSERT INTO `region` VALUES (323, '安泽县', '141026', 'area', 316);
INSERT INTO `region` VALUES (324, '浮山县', '141027', 'area', 316);
INSERT INTO `region` VALUES (325, '吉县', '141028', 'area', 316);
INSERT INTO `region` VALUES (326, '乡宁县', '141029', 'area', 316);
INSERT INTO `region` VALUES (327, '大宁县', '141030', 'area', 316);
INSERT INTO `region` VALUES (328, '隰县', '141031', 'area', 316);
INSERT INTO `region` VALUES (329, '永和县', '141032', 'area', 316);
INSERT INTO `region` VALUES (330, '蒲县', '141033', 'area', 316);
INSERT INTO `region` VALUES (331, '汾西县', '141034', 'area', 316);
INSERT INTO `region` VALUES (332, '侯马市', '141081', 'area', 316);
INSERT INTO `region` VALUES (333, '霍州市', '141082', 'area', 316);
INSERT INTO `region` VALUES (334, '吕梁市', '141100', 'city', 217);
INSERT INTO `region` VALUES (335, '离石区', '141102', 'area', 334);
INSERT INTO `region` VALUES (336, '文水县', '141121', 'area', 334);
INSERT INTO `region` VALUES (337, '交城县', '141122', 'area', 334);
INSERT INTO `region` VALUES (338, '兴县', '141123', 'area', 334);
INSERT INTO `region` VALUES (339, '临县', '141124', 'area', 334);
INSERT INTO `region` VALUES (340, '柳林县', '141125', 'area', 334);
INSERT INTO `region` VALUES (341, '石楼县', '141126', 'area', 334);
INSERT INTO `region` VALUES (342, '岚县', '141127', 'area', 334);
INSERT INTO `region` VALUES (343, '方山县', '141128', 'area', 334);
INSERT INTO `region` VALUES (344, '中阳县', '141129', 'area', 334);
INSERT INTO `region` VALUES (345, '交口县', '141130', 'area', 334);
INSERT INTO `region` VALUES (346, '孝义市', '141181', 'area', 334);
INSERT INTO `region` VALUES (347, '汾阳市', '141182', 'area', 334);
INSERT INTO `region` VALUES (348, '内蒙古自治区', '150000', 'province', 0);
INSERT INTO `region` VALUES (349, '呼和浩特市', '150100', 'city', 348);
INSERT INTO `region` VALUES (350, '新城区', '150102', 'area', 349);
INSERT INTO `region` VALUES (351, '回民区', '150103', 'area', 349);
INSERT INTO `region` VALUES (352, '玉泉区', '150104', 'area', 349);
INSERT INTO `region` VALUES (353, '赛罕区', '150105', 'area', 349);
INSERT INTO `region` VALUES (354, '土默特左旗', '150121', 'area', 349);
INSERT INTO `region` VALUES (355, '托克托县', '150122', 'area', 349);
INSERT INTO `region` VALUES (356, '和林格尔县', '150123', 'area', 349);
INSERT INTO `region` VALUES (357, '清水河县', '150124', 'area', 349);
INSERT INTO `region` VALUES (358, '武川县', '150125', 'area', 349);
INSERT INTO `region` VALUES (359, '包头市', '150200', 'city', 348);
INSERT INTO `region` VALUES (360, '东河区', '150202', 'area', 359);
INSERT INTO `region` VALUES (361, '昆都仑区', '150203', 'area', 359);
INSERT INTO `region` VALUES (362, '青山区', '150204', 'area', 359);
INSERT INTO `region` VALUES (363, '石拐区', '150205', 'area', 359);
INSERT INTO `region` VALUES (364, '白云鄂博矿区', '150206', 'area', 359);
INSERT INTO `region` VALUES (365, '九原区', '150207', 'area', 359);
INSERT INTO `region` VALUES (366, '土默特右旗', '150221', 'area', 359);
INSERT INTO `region` VALUES (367, '固阳县', '150222', 'area', 359);
INSERT INTO `region` VALUES (368, '达尔罕茂明安联合旗', '150223', 'area', 359);
INSERT INTO `region` VALUES (369, '乌海市', '150300', 'city', 348);
INSERT INTO `region` VALUES (370, '海勃湾区', '150302', 'area', 369);
INSERT INTO `region` VALUES (371, '海南区', '150303', 'area', 369);
INSERT INTO `region` VALUES (372, '乌达区', '150304', 'area', 369);
INSERT INTO `region` VALUES (373, '赤峰市', '150400', 'city', 348);
INSERT INTO `region` VALUES (374, '红山区', '150402', 'area', 373);
INSERT INTO `region` VALUES (375, '元宝山区', '150403', 'area', 373);
INSERT INTO `region` VALUES (376, '松山区', '150404', 'area', 373);
INSERT INTO `region` VALUES (377, '阿鲁科尔沁旗', '150421', 'area', 373);
INSERT INTO `region` VALUES (378, '巴林左旗', '150422', 'area', 373);
INSERT INTO `region` VALUES (379, '巴林右旗', '150423', 'area', 373);
INSERT INTO `region` VALUES (380, '林西县', '150424', 'area', 373);
INSERT INTO `region` VALUES (381, '克什克腾旗', '150425', 'area', 373);
INSERT INTO `region` VALUES (382, '翁牛特旗', '150426', 'area', 373);
INSERT INTO `region` VALUES (383, '喀喇沁旗', '150428', 'area', 373);
INSERT INTO `region` VALUES (384, '宁城县', '150429', 'area', 373);
INSERT INTO `region` VALUES (385, '敖汉旗', '150430', 'area', 373);
INSERT INTO `region` VALUES (386, '通辽市', '150500', 'city', 348);
INSERT INTO `region` VALUES (387, '科尔沁区', '150502', 'area', 386);
INSERT INTO `region` VALUES (388, '科尔沁左翼中旗', '150521', 'area', 386);
INSERT INTO `region` VALUES (389, '科尔沁左翼后旗', '150522', 'area', 386);
INSERT INTO `region` VALUES (390, '开鲁县', '150523', 'area', 386);
INSERT INTO `region` VALUES (391, '库伦旗', '150524', 'area', 386);
INSERT INTO `region` VALUES (392, '奈曼旗', '150525', 'area', 386);
INSERT INTO `region` VALUES (393, '扎鲁特旗', '150526', 'area', 386);
INSERT INTO `region` VALUES (394, '霍林郭勒市', '150581', 'area', 386);
INSERT INTO `region` VALUES (395, '鄂尔多斯市', '150600', 'city', 348);
INSERT INTO `region` VALUES (396, '东胜区', '150602', 'area', 395);
INSERT INTO `region` VALUES (397, '康巴什区', '150603', 'area', 395);
INSERT INTO `region` VALUES (398, '达拉特旗', '150621', 'area', 395);
INSERT INTO `region` VALUES (399, '准格尔旗', '150622', 'area', 395);
INSERT INTO `region` VALUES (400, '鄂托克前旗', '150623', 'area', 395);
INSERT INTO `region` VALUES (401, '鄂托克旗', '150624', 'area', 395);
INSERT INTO `region` VALUES (402, '杭锦旗', '150625', 'area', 395);
INSERT INTO `region` VALUES (403, '乌审旗', '150626', 'area', 395);
INSERT INTO `region` VALUES (404, '伊金霍洛旗', '150627', 'area', 395);
INSERT INTO `region` VALUES (405, '呼伦贝尔市', '150700', 'city', 348);
INSERT INTO `region` VALUES (406, '海拉尔区', '150702', 'area', 405);
INSERT INTO `region` VALUES (407, '扎赉诺尔区', '150703', 'area', 405);
INSERT INTO `region` VALUES (408, '阿荣旗', '150721', 'area', 405);
INSERT INTO `region` VALUES (409, '莫力达瓦达斡尔族自治旗', '150722', 'area', 405);
INSERT INTO `region` VALUES (410, '鄂伦春自治旗', '150723', 'area', 405);
INSERT INTO `region` VALUES (411, '鄂温克族自治旗', '150724', 'area', 405);
INSERT INTO `region` VALUES (412, '陈巴尔虎旗', '150725', 'area', 405);
INSERT INTO `region` VALUES (413, '新巴尔虎左旗', '150726', 'area', 405);
INSERT INTO `region` VALUES (414, '新巴尔虎右旗', '150727', 'area', 405);
INSERT INTO `region` VALUES (415, '满洲里市', '150781', 'area', 405);
INSERT INTO `region` VALUES (416, '牙克石市', '150782', 'area', 405);
INSERT INTO `region` VALUES (417, '扎兰屯市', '150783', 'area', 405);
INSERT INTO `region` VALUES (418, '额尔古纳市', '150784', 'area', 405);
INSERT INTO `region` VALUES (419, '根河市', '150785', 'area', 405);
INSERT INTO `region` VALUES (420, '巴彦淖尔市', '150800', 'city', 348);
INSERT INTO `region` VALUES (421, '临河区', '150802', 'area', 420);
INSERT INTO `region` VALUES (422, '五原县', '150821', 'area', 420);
INSERT INTO `region` VALUES (423, '磴口县', '150822', 'area', 420);
INSERT INTO `region` VALUES (424, '乌拉特前旗', '150823', 'area', 420);
INSERT INTO `region` VALUES (425, '乌拉特中旗', '150824', 'area', 420);
INSERT INTO `region` VALUES (426, '乌拉特后旗', '150825', 'area', 420);
INSERT INTO `region` VALUES (427, '杭锦后旗', '150826', 'area', 420);
INSERT INTO `region` VALUES (428, '乌兰察布市', '150900', 'city', 348);
INSERT INTO `region` VALUES (429, '集宁区', '150902', 'area', 428);
INSERT INTO `region` VALUES (430, '卓资县', '150921', 'area', 428);
INSERT INTO `region` VALUES (431, '化德县', '150922', 'area', 428);
INSERT INTO `region` VALUES (432, '商都县', '150923', 'area', 428);
INSERT INTO `region` VALUES (433, '兴和县', '150924', 'area', 428);
INSERT INTO `region` VALUES (434, '凉城县', '150925', 'area', 428);
INSERT INTO `region` VALUES (435, '察哈尔右翼前旗', '150926', 'area', 428);
INSERT INTO `region` VALUES (436, '察哈尔右翼中旗', '150927', 'area', 428);
INSERT INTO `region` VALUES (437, '察哈尔右翼后旗', '150928', 'area', 428);
INSERT INTO `region` VALUES (438, '四子王旗', '150929', 'area', 428);
INSERT INTO `region` VALUES (439, '丰镇市', '150981', 'area', 428);
INSERT INTO `region` VALUES (440, '兴安盟', '152200', 'city', 348);
INSERT INTO `region` VALUES (441, '乌兰浩特市', '152201', 'area', 440);
INSERT INTO `region` VALUES (442, '阿尔山市', '152202', 'area', 440);
INSERT INTO `region` VALUES (443, '科尔沁右翼前旗', '152221', 'area', 440);
INSERT INTO `region` VALUES (444, '科尔沁右翼中旗', '152222', 'area', 440);
INSERT INTO `region` VALUES (445, '扎赉特旗', '152223', 'area', 440);
INSERT INTO `region` VALUES (446, '突泉县', '152224', 'area', 440);
INSERT INTO `region` VALUES (447, '锡林郭勒盟', '152500', 'city', 348);
INSERT INTO `region` VALUES (448, '二连浩特市', '152501', 'area', 447);
INSERT INTO `region` VALUES (449, '锡林浩特市', '152502', 'area', 447);
INSERT INTO `region` VALUES (450, '阿巴嘎旗', '152522', 'area', 447);
INSERT INTO `region` VALUES (451, '苏尼特左旗', '152523', 'area', 447);
INSERT INTO `region` VALUES (452, '苏尼特右旗', '152524', 'area', 447);
INSERT INTO `region` VALUES (453, '东乌珠穆沁旗', '152525', 'area', 447);
INSERT INTO `region` VALUES (454, '西乌珠穆沁旗', '152526', 'area', 447);
INSERT INTO `region` VALUES (455, '太仆寺旗', '152527', 'area', 447);
INSERT INTO `region` VALUES (456, '镶黄旗', '152528', 'area', 447);
INSERT INTO `region` VALUES (457, '正镶白旗', '152529', 'area', 447);
INSERT INTO `region` VALUES (458, '正蓝旗', '152530', 'area', 447);
INSERT INTO `region` VALUES (459, '多伦县', '152531', 'area', 447);
INSERT INTO `region` VALUES (460, '阿拉善盟', '152900', 'city', 348);
INSERT INTO `region` VALUES (461, '阿拉善左旗', '152921', 'area', 460);
INSERT INTO `region` VALUES (462, '阿拉善右旗', '152922', 'area', 460);
INSERT INTO `region` VALUES (463, '额济纳旗', '152923', 'area', 460);
INSERT INTO `region` VALUES (464, '辽宁省', '210000', 'province', 0);
INSERT INTO `region` VALUES (465, '沈阳市', '210100', 'city', 464);
INSERT INTO `region` VALUES (466, '和平区', '210102', 'area', 465);
INSERT INTO `region` VALUES (467, '沈河区', '210103', 'area', 465);
INSERT INTO `region` VALUES (468, '大东区', '210104', 'area', 465);
INSERT INTO `region` VALUES (469, '皇姑区', '210105', 'area', 465);
INSERT INTO `region` VALUES (470, '铁西区', '210106', 'area', 465);
INSERT INTO `region` VALUES (471, '苏家屯区', '210111', 'area', 465);
INSERT INTO `region` VALUES (472, '浑南区', '210112', 'area', 465);
INSERT INTO `region` VALUES (473, '沈北新区', '210113', 'area', 465);
INSERT INTO `region` VALUES (474, '于洪区', '210114', 'area', 465);
INSERT INTO `region` VALUES (475, '辽中区', '210115', 'area', 465);
INSERT INTO `region` VALUES (476, '康平县', '210123', 'area', 465);
INSERT INTO `region` VALUES (477, '法库县', '210124', 'area', 465);
INSERT INTO `region` VALUES (478, '新民市', '210181', 'area', 465);
INSERT INTO `region` VALUES (479, '大连市', '210200', 'city', 464);
INSERT INTO `region` VALUES (480, '中山区', '210202', 'area', 479);
INSERT INTO `region` VALUES (481, '西岗区', '210203', 'area', 479);
INSERT INTO `region` VALUES (482, '沙河口区', '210204', 'area', 479);
INSERT INTO `region` VALUES (483, '甘井子区', '210211', 'area', 479);
INSERT INTO `region` VALUES (484, '旅顺口区', '210212', 'area', 479);
INSERT INTO `region` VALUES (485, '金州区', '210213', 'area', 479);
INSERT INTO `region` VALUES (486, '普兰店区', '210214', 'area', 479);
INSERT INTO `region` VALUES (487, '长海县', '210224', 'area', 479);
INSERT INTO `region` VALUES (488, '瓦房店市', '210281', 'area', 479);
INSERT INTO `region` VALUES (489, '庄河市', '210283', 'area', 479);
INSERT INTO `region` VALUES (490, '鞍山市', '210300', 'city', 464);
INSERT INTO `region` VALUES (491, '铁东区', '210302', 'area', 490);
INSERT INTO `region` VALUES (492, '铁西区', '210303', 'area', 490);
INSERT INTO `region` VALUES (493, '立山区', '210304', 'area', 490);
INSERT INTO `region` VALUES (494, '千山区', '210311', 'area', 490);
INSERT INTO `region` VALUES (495, '台安县', '210321', 'area', 490);
INSERT INTO `region` VALUES (496, '岫岩满族自治县', '210323', 'area', 490);
INSERT INTO `region` VALUES (497, '海城市', '210381', 'area', 490);
INSERT INTO `region` VALUES (498, '抚顺市', '210400', 'city', 464);
INSERT INTO `region` VALUES (499, '新抚区', '210402', 'area', 498);
INSERT INTO `region` VALUES (500, '东洲区', '210403', 'area', 498);
INSERT INTO `region` VALUES (501, '望花区', '210404', 'area', 498);
INSERT INTO `region` VALUES (502, '顺城区', '210411', 'area', 498);
INSERT INTO `region` VALUES (503, '抚顺县', '210421', 'area', 498);
INSERT INTO `region` VALUES (504, '新宾满族自治县', '210422', 'area', 498);
INSERT INTO `region` VALUES (505, '清原满族自治县', '210423', 'area', 498);
INSERT INTO `region` VALUES (506, '本溪市', '210500', 'city', 464);
INSERT INTO `region` VALUES (507, '平山区', '210502', 'area', 506);
INSERT INTO `region` VALUES (508, '溪湖区', '210503', 'area', 506);
INSERT INTO `region` VALUES (509, '明山区', '210504', 'area', 506);
INSERT INTO `region` VALUES (510, '南芬区', '210505', 'area', 506);
INSERT INTO `region` VALUES (511, '本溪满族自治县', '210521', 'area', 506);
INSERT INTO `region` VALUES (512, '桓仁满族自治县', '210522', 'area', 506);
INSERT INTO `region` VALUES (513, '丹东市', '210600', 'city', 464);
INSERT INTO `region` VALUES (514, '元宝区', '210602', 'area', 513);
INSERT INTO `region` VALUES (515, '振兴区', '210603', 'area', 513);
INSERT INTO `region` VALUES (516, '振安区', '210604', 'area', 513);
INSERT INTO `region` VALUES (517, '宽甸满族自治县', '210624', 'area', 513);
INSERT INTO `region` VALUES (518, '东港市', '210681', 'area', 513);
INSERT INTO `region` VALUES (519, '凤城市', '210682', 'area', 513);
INSERT INTO `region` VALUES (520, '锦州市', '210700', 'city', 464);
INSERT INTO `region` VALUES (521, '古塔区', '210702', 'area', 520);
INSERT INTO `region` VALUES (522, '凌河区', '210703', 'area', 520);
INSERT INTO `region` VALUES (523, '太和区', '210711', 'area', 520);
INSERT INTO `region` VALUES (524, '黑山县', '210726', 'area', 520);
INSERT INTO `region` VALUES (525, '义县', '210727', 'area', 520);
INSERT INTO `region` VALUES (526, '凌海市', '210781', 'area', 520);
INSERT INTO `region` VALUES (527, '北镇市', '210782', 'area', 520);
INSERT INTO `region` VALUES (528, '营口市', '210800', 'city', 464);
INSERT INTO `region` VALUES (529, '站前区', '210802', 'area', 528);
INSERT INTO `region` VALUES (530, '西市区', '210803', 'area', 528);
INSERT INTO `region` VALUES (531, '鲅鱼圈区', '210804', 'area', 528);
INSERT INTO `region` VALUES (532, '老边区', '210811', 'area', 528);
INSERT INTO `region` VALUES (533, '盖州市', '210881', 'area', 528);
INSERT INTO `region` VALUES (534, '大石桥市', '210882', 'area', 528);
INSERT INTO `region` VALUES (535, '阜新市', '210900', 'city', 464);
INSERT INTO `region` VALUES (536, '海州区', '210902', 'area', 535);
INSERT INTO `region` VALUES (537, '新邱区', '210903', 'area', 535);
INSERT INTO `region` VALUES (538, '太平区', '210904', 'area', 535);
INSERT INTO `region` VALUES (539, '清河门区', '210905', 'area', 535);
INSERT INTO `region` VALUES (540, '细河区', '210911', 'area', 535);
INSERT INTO `region` VALUES (541, '阜新蒙古族自治县', '210921', 'area', 535);
INSERT INTO `region` VALUES (542, '彰武县', '210922', 'area', 535);
INSERT INTO `region` VALUES (543, '辽阳市', '211000', 'city', 464);
INSERT INTO `region` VALUES (544, '白塔区', '211002', 'area', 543);
INSERT INTO `region` VALUES (545, '文圣区', '211003', 'area', 543);
INSERT INTO `region` VALUES (546, '宏伟区', '211004', 'area', 543);
INSERT INTO `region` VALUES (547, '弓长岭区', '211005', 'area', 543);
INSERT INTO `region` VALUES (548, '太子河区', '211011', 'area', 543);
INSERT INTO `region` VALUES (549, '辽阳县', '211021', 'area', 543);
INSERT INTO `region` VALUES (550, '灯塔市', '211081', 'area', 543);
INSERT INTO `region` VALUES (551, '盘锦市', '211100', 'city', 464);
INSERT INTO `region` VALUES (552, '双台子区', '211102', 'area', 551);
INSERT INTO `region` VALUES (553, '兴隆台区', '211103', 'area', 551);
INSERT INTO `region` VALUES (554, '大洼区', '211104', 'area', 551);
INSERT INTO `region` VALUES (555, '盘山县', '211122', 'area', 551);
INSERT INTO `region` VALUES (556, '铁岭市', '211200', 'city', 464);
INSERT INTO `region` VALUES (557, '银州区', '211202', 'area', 556);
INSERT INTO `region` VALUES (558, '清河区', '211204', 'area', 556);
INSERT INTO `region` VALUES (559, '铁岭县', '211221', 'area', 556);
INSERT INTO `region` VALUES (560, '西丰县', '211223', 'area', 556);
INSERT INTO `region` VALUES (561, '昌图县', '211224', 'area', 556);
INSERT INTO `region` VALUES (562, '调兵山市', '211281', 'area', 556);
INSERT INTO `region` VALUES (563, '开原市', '211282', 'area', 556);
INSERT INTO `region` VALUES (564, '朝阳市', '211300', 'city', 464);
INSERT INTO `region` VALUES (565, '双塔区', '211302', 'area', 564);
INSERT INTO `region` VALUES (566, '龙城区', '211303', 'area', 564);
INSERT INTO `region` VALUES (567, '朝阳县', '211321', 'area', 564);
INSERT INTO `region` VALUES (568, '建平县', '211322', 'area', 564);
INSERT INTO `region` VALUES (569, '喀喇沁左翼蒙古族自治县', '211324', 'area', 564);
INSERT INTO `region` VALUES (570, '北票市', '211381', 'area', 564);
INSERT INTO `region` VALUES (571, '凌源市', '211382', 'area', 564);
INSERT INTO `region` VALUES (572, '葫芦岛市', '211400', 'city', 464);
INSERT INTO `region` VALUES (573, '连山区', '211402', 'area', 572);
INSERT INTO `region` VALUES (574, '龙港区', '211403', 'area', 572);
INSERT INTO `region` VALUES (575, '南票区', '211404', 'area', 572);
INSERT INTO `region` VALUES (576, '绥中县', '211421', 'area', 572);
INSERT INTO `region` VALUES (577, '建昌县', '211422', 'area', 572);
INSERT INTO `region` VALUES (578, '兴城市', '211481', 'area', 572);
INSERT INTO `region` VALUES (579, '吉林省', '220000', 'province', 0);
INSERT INTO `region` VALUES (580, '长春市', '220100', 'city', 579);
INSERT INTO `region` VALUES (581, '南关区', '220102', 'area', 580);
INSERT INTO `region` VALUES (582, '宽城区', '220103', 'area', 580);
INSERT INTO `region` VALUES (583, '朝阳区', '220104', 'area', 580);
INSERT INTO `region` VALUES (584, '二道区', '220105', 'area', 580);
INSERT INTO `region` VALUES (585, '绿园区', '220106', 'area', 580);
INSERT INTO `region` VALUES (586, '双阳区', '220112', 'area', 580);
INSERT INTO `region` VALUES (587, '九台区', '220113', 'area', 580);
INSERT INTO `region` VALUES (588, '农安县', '220122', 'area', 580);
INSERT INTO `region` VALUES (589, '榆树市', '220182', 'area', 580);
INSERT INTO `region` VALUES (590, '德惠市', '220183', 'area', 580);
INSERT INTO `region` VALUES (591, '吉林市', '220200', 'city', 579);
INSERT INTO `region` VALUES (592, '昌邑区', '220202', 'area', 591);
INSERT INTO `region` VALUES (593, '龙潭区', '220203', 'area', 591);
INSERT INTO `region` VALUES (594, '船营区', '220204', 'area', 591);
INSERT INTO `region` VALUES (595, '丰满区', '220211', 'area', 591);
INSERT INTO `region` VALUES (596, '永吉县', '220221', 'area', 591);
INSERT INTO `region` VALUES (597, '蛟河市', '220281', 'area', 591);
INSERT INTO `region` VALUES (598, '桦甸市', '220282', 'area', 591);
INSERT INTO `region` VALUES (599, '舒兰市', '220283', 'area', 591);
INSERT INTO `region` VALUES (600, '磐石市', '220284', 'area', 591);
INSERT INTO `region` VALUES (601, '四平市', '220300', 'city', 579);
INSERT INTO `region` VALUES (602, '铁西区', '220302', 'area', 601);
INSERT INTO `region` VALUES (603, '铁东区', '220303', 'area', 601);
INSERT INTO `region` VALUES (604, '梨树县', '220322', 'area', 601);
INSERT INTO `region` VALUES (605, '伊通满族自治县', '220323', 'area', 601);
INSERT INTO `region` VALUES (606, '公主岭市', '220381', 'area', 601);
INSERT INTO `region` VALUES (607, '双辽市', '220382', 'area', 601);
INSERT INTO `region` VALUES (608, '辽源市', '220400', 'city', 579);
INSERT INTO `region` VALUES (609, '龙山区', '220402', 'area', 608);
INSERT INTO `region` VALUES (610, '西安区', '220403', 'area', 608);
INSERT INTO `region` VALUES (611, '东丰县', '220421', 'area', 608);
INSERT INTO `region` VALUES (612, '东辽县', '220422', 'area', 608);
INSERT INTO `region` VALUES (613, '通化市', '220500', 'city', 579);
INSERT INTO `region` VALUES (614, '东昌区', '220502', 'area', 613);
INSERT INTO `region` VALUES (615, '二道江区', '220503', 'area', 613);
INSERT INTO `region` VALUES (616, '通化县', '220521', 'area', 613);
INSERT INTO `region` VALUES (617, '辉南县', '220523', 'area', 613);
INSERT INTO `region` VALUES (618, '柳河县', '220524', 'area', 613);
INSERT INTO `region` VALUES (619, '梅河口市', '220581', 'area', 613);
INSERT INTO `region` VALUES (620, '集安市', '220582', 'area', 613);
INSERT INTO `region` VALUES (621, '白山市', '220600', 'city', 579);
INSERT INTO `region` VALUES (622, '浑江区', '220602', 'area', 621);
INSERT INTO `region` VALUES (623, '江源区', '220605', 'area', 621);
INSERT INTO `region` VALUES (624, '抚松县', '220621', 'area', 621);
INSERT INTO `region` VALUES (625, '靖宇县', '220622', 'area', 621);
INSERT INTO `region` VALUES (626, '长白朝鲜族自治县', '220623', 'area', 621);
INSERT INTO `region` VALUES (627, '临江市', '220681', 'area', 621);
INSERT INTO `region` VALUES (628, '松原市', '220700', 'city', 579);
INSERT INTO `region` VALUES (629, '宁江区', '220702', 'area', 628);
INSERT INTO `region` VALUES (630, '前郭尔罗斯蒙古族自治县', '220721', 'area', 628);
INSERT INTO `region` VALUES (631, '长岭县', '220722', 'area', 628);
INSERT INTO `region` VALUES (632, '乾安县', '220723', 'area', 628);
INSERT INTO `region` VALUES (633, '扶余市', '220781', 'area', 628);
INSERT INTO `region` VALUES (634, '白城市', '220800', 'city', 579);
INSERT INTO `region` VALUES (635, '洮北区', '220802', 'area', 634);
INSERT INTO `region` VALUES (636, '镇赉县', '220821', 'area', 634);
INSERT INTO `region` VALUES (637, '通榆县', '220822', 'area', 634);
INSERT INTO `region` VALUES (638, '洮南市', '220881', 'area', 634);
INSERT INTO `region` VALUES (639, '大安市', '220882', 'area', 634);
INSERT INTO `region` VALUES (640, '延边朝鲜族自治州', '222400', 'city', 579);
INSERT INTO `region` VALUES (641, '延吉市', '222401', 'area', 640);
INSERT INTO `region` VALUES (642, '图们市', '222402', 'area', 640);
INSERT INTO `region` VALUES (643, '敦化市', '222403', 'area', 640);
INSERT INTO `region` VALUES (644, '珲春市', '222404', 'area', 640);
INSERT INTO `region` VALUES (645, '龙井市', '222405', 'area', 640);
INSERT INTO `region` VALUES (646, '和龙市', '222406', 'area', 640);
INSERT INTO `region` VALUES (647, '汪清县', '222424', 'area', 640);
INSERT INTO `region` VALUES (648, '安图县', '222426', 'area', 640);
INSERT INTO `region` VALUES (649, '黑龙江省', '230000', 'province', 0);
INSERT INTO `region` VALUES (650, '哈尔滨市', '230100', 'city', 649);
INSERT INTO `region` VALUES (651, '道里区', '230102', 'area', 650);
INSERT INTO `region` VALUES (652, '南岗区', '230103', 'area', 650);
INSERT INTO `region` VALUES (653, '道外区', '230104', 'area', 650);
INSERT INTO `region` VALUES (654, '平房区', '230108', 'area', 650);
INSERT INTO `region` VALUES (655, '松北区', '230109', 'area', 650);
INSERT INTO `region` VALUES (656, '香坊区', '230110', 'area', 650);
INSERT INTO `region` VALUES (657, '呼兰区', '230111', 'area', 650);
INSERT INTO `region` VALUES (658, '阿城区', '230112', 'area', 650);
INSERT INTO `region` VALUES (659, '双城区', '230113', 'area', 650);
INSERT INTO `region` VALUES (660, '依兰县', '230123', 'area', 650);
INSERT INTO `region` VALUES (661, '方正县', '230124', 'area', 650);
INSERT INTO `region` VALUES (662, '宾县', '230125', 'area', 650);
INSERT INTO `region` VALUES (663, '巴彦县', '230126', 'area', 650);
INSERT INTO `region` VALUES (664, '木兰县', '230127', 'area', 650);
INSERT INTO `region` VALUES (665, '通河县', '230128', 'area', 650);
INSERT INTO `region` VALUES (666, '延寿县', '230129', 'area', 650);
INSERT INTO `region` VALUES (667, '尚志市', '230183', 'area', 650);
INSERT INTO `region` VALUES (668, '五常市', '230184', 'area', 650);
INSERT INTO `region` VALUES (669, '齐齐哈尔市', '230200', 'city', 649);
INSERT INTO `region` VALUES (670, '龙沙区', '230202', 'area', 669);
INSERT INTO `region` VALUES (671, '建华区', '230203', 'area', 669);
INSERT INTO `region` VALUES (672, '铁锋区', '230204', 'area', 669);
INSERT INTO `region` VALUES (673, '昂昂溪区', '230205', 'area', 669);
INSERT INTO `region` VALUES (674, '富拉尔基区', '230206', 'area', 669);
INSERT INTO `region` VALUES (675, '碾子山区', '230207', 'area', 669);
INSERT INTO `region` VALUES (676, '梅里斯达斡尔族区', '230208', 'area', 669);
INSERT INTO `region` VALUES (677, '龙江县', '230221', 'area', 669);
INSERT INTO `region` VALUES (678, '依安县', '230223', 'area', 669);
INSERT INTO `region` VALUES (679, '泰来县', '230224', 'area', 669);
INSERT INTO `region` VALUES (680, '甘南县', '230225', 'area', 669);
INSERT INTO `region` VALUES (681, '富裕县', '230227', 'area', 669);
INSERT INTO `region` VALUES (682, '克山县', '230229', 'area', 669);
INSERT INTO `region` VALUES (683, '克东县', '230230', 'area', 669);
INSERT INTO `region` VALUES (684, '拜泉县', '230231', 'area', 669);
INSERT INTO `region` VALUES (685, '讷河市', '230281', 'area', 669);
INSERT INTO `region` VALUES (686, '鸡西市', '230300', 'city', 649);
INSERT INTO `region` VALUES (687, '鸡冠区', '230302', 'area', 686);
INSERT INTO `region` VALUES (688, '恒山区', '230303', 'area', 686);
INSERT INTO `region` VALUES (689, '滴道区', '230304', 'area', 686);
INSERT INTO `region` VALUES (690, '梨树区', '230305', 'area', 686);
INSERT INTO `region` VALUES (691, '城子河区', '230306', 'area', 686);
INSERT INTO `region` VALUES (692, '麻山区', '230307', 'area', 686);
INSERT INTO `region` VALUES (693, '鸡东县', '230321', 'area', 686);
INSERT INTO `region` VALUES (694, '虎林市', '230381', 'area', 686);
INSERT INTO `region` VALUES (695, '密山市', '230382', 'area', 686);
INSERT INTO `region` VALUES (696, '鹤岗市', '230400', 'city', 649);
INSERT INTO `region` VALUES (697, '向阳区', '230402', 'area', 696);
INSERT INTO `region` VALUES (698, '工农区', '230403', 'area', 696);
INSERT INTO `region` VALUES (699, '南山区', '230404', 'area', 696);
INSERT INTO `region` VALUES (700, '兴安区', '230405', 'area', 696);
INSERT INTO `region` VALUES (701, '东山区', '230406', 'area', 696);
INSERT INTO `region` VALUES (702, '兴山区', '230407', 'area', 696);
INSERT INTO `region` VALUES (703, '萝北县', '230421', 'area', 696);
INSERT INTO `region` VALUES (704, '绥滨县', '230422', 'area', 696);
INSERT INTO `region` VALUES (705, '双鸭山市', '230500', 'city', 649);
INSERT INTO `region` VALUES (706, '尖山区', '230502', 'area', 705);
INSERT INTO `region` VALUES (707, '岭东区', '230503', 'area', 705);
INSERT INTO `region` VALUES (708, '四方台区', '230505', 'area', 705);
INSERT INTO `region` VALUES (709, '宝山区', '230506', 'area', 705);
INSERT INTO `region` VALUES (710, '集贤县', '230521', 'area', 705);
INSERT INTO `region` VALUES (711, '友谊县', '230522', 'area', 705);
INSERT INTO `region` VALUES (712, '宝清县', '230523', 'area', 705);
INSERT INTO `region` VALUES (713, '饶河县', '230524', 'area', 705);
INSERT INTO `region` VALUES (714, '大庆市', '230600', 'city', 649);
INSERT INTO `region` VALUES (715, '萨尔图区', '230602', 'area', 714);
INSERT INTO `region` VALUES (716, '龙凤区', '230603', 'area', 714);
INSERT INTO `region` VALUES (717, '让胡路区', '230604', 'area', 714);
INSERT INTO `region` VALUES (718, '红岗区', '230605', 'area', 714);
INSERT INTO `region` VALUES (719, '大同区', '230606', 'area', 714);
INSERT INTO `region` VALUES (720, '肇州县', '230621', 'area', 714);
INSERT INTO `region` VALUES (721, '肇源县', '230622', 'area', 714);
INSERT INTO `region` VALUES (722, '林甸县', '230623', 'area', 714);
INSERT INTO `region` VALUES (723, '杜尔伯特蒙古族自治县', '230624', 'area', 714);
INSERT INTO `region` VALUES (724, '伊春市', '230700', 'city', 649);
INSERT INTO `region` VALUES (725, '伊春区', '230702', 'area', 724);
INSERT INTO `region` VALUES (726, '南岔区', '230703', 'area', 724);
INSERT INTO `region` VALUES (727, '友好区', '230704', 'area', 724);
INSERT INTO `region` VALUES (728, '西林区', '230705', 'area', 724);
INSERT INTO `region` VALUES (729, '翠峦区', '230706', 'area', 724);
INSERT INTO `region` VALUES (730, '新青区', '230707', 'area', 724);
INSERT INTO `region` VALUES (731, '美溪区', '230708', 'area', 724);
INSERT INTO `region` VALUES (732, '金山屯区', '230709', 'area', 724);
INSERT INTO `region` VALUES (733, '五营区', '230710', 'area', 724);
INSERT INTO `region` VALUES (734, '乌马河区', '230711', 'area', 724);
INSERT INTO `region` VALUES (735, '汤旺河区', '230712', 'area', 724);
INSERT INTO `region` VALUES (736, '带岭区', '230713', 'area', 724);
INSERT INTO `region` VALUES (737, '乌伊岭区', '230714', 'area', 724);
INSERT INTO `region` VALUES (738, '红星区', '230715', 'area', 724);
INSERT INTO `region` VALUES (739, '上甘岭区', '230716', 'area', 724);
INSERT INTO `region` VALUES (740, '嘉荫县', '230722', 'area', 724);
INSERT INTO `region` VALUES (741, '铁力市', '230781', 'area', 724);
INSERT INTO `region` VALUES (742, '佳木斯市', '230800', 'city', 649);
INSERT INTO `region` VALUES (743, '向阳区', '230803', 'area', 742);
INSERT INTO `region` VALUES (744, '前进区', '230804', 'area', 742);
INSERT INTO `region` VALUES (745, '东风区', '230805', 'area', 742);
INSERT INTO `region` VALUES (746, '郊区', '230811', 'area', 742);
INSERT INTO `region` VALUES (747, '桦南县', '230822', 'area', 742);
INSERT INTO `region` VALUES (748, '桦川县', '230826', 'area', 742);
INSERT INTO `region` VALUES (749, '汤原县', '230828', 'area', 742);
INSERT INTO `region` VALUES (750, '同江市', '230881', 'area', 742);
INSERT INTO `region` VALUES (751, '富锦市', '230882', 'area', 742);
INSERT INTO `region` VALUES (752, '抚远市', '230883', 'area', 742);
INSERT INTO `region` VALUES (753, '七台河市', '230900', 'city', 649);
INSERT INTO `region` VALUES (754, '新兴区', '230902', 'area', 753);
INSERT INTO `region` VALUES (755, '桃山区', '230903', 'area', 753);
INSERT INTO `region` VALUES (756, '茄子河区', '230904', 'area', 753);
INSERT INTO `region` VALUES (757, '勃利县', '230921', 'area', 753);
INSERT INTO `region` VALUES (758, '牡丹江市', '231000', 'city', 649);
INSERT INTO `region` VALUES (759, '东安区', '231002', 'area', 758);
INSERT INTO `region` VALUES (760, '阳明区', '231003', 'area', 758);
INSERT INTO `region` VALUES (761, '爱民区', '231004', 'area', 758);
INSERT INTO `region` VALUES (762, '西安区', '231005', 'area', 758);
INSERT INTO `region` VALUES (763, '林口县', '231025', 'area', 758);
INSERT INTO `region` VALUES (764, '绥芬河市', '231081', 'area', 758);
INSERT INTO `region` VALUES (765, '海林市', '231083', 'area', 758);
INSERT INTO `region` VALUES (766, '宁安市', '231084', 'area', 758);
INSERT INTO `region` VALUES (767, '穆棱市', '231085', 'area', 758);
INSERT INTO `region` VALUES (768, '东宁市', '231086', 'area', 758);
INSERT INTO `region` VALUES (769, '黑河市', '231100', 'city', 649);
INSERT INTO `region` VALUES (770, '爱辉区', '231102', 'area', 769);
INSERT INTO `region` VALUES (771, '嫩江县', '231121', 'area', 769);
INSERT INTO `region` VALUES (772, '逊克县', '231123', 'area', 769);
INSERT INTO `region` VALUES (773, '孙吴县', '231124', 'area', 769);
INSERT INTO `region` VALUES (774, '北安市', '231181', 'area', 769);
INSERT INTO `region` VALUES (775, '五大连池市', '231182', 'area', 769);
INSERT INTO `region` VALUES (776, '绥化市', '231200', 'city', 649);
INSERT INTO `region` VALUES (777, '北林区', '231202', 'area', 776);
INSERT INTO `region` VALUES (778, '望奎县', '231221', 'area', 776);
INSERT INTO `region` VALUES (779, '兰西县', '231222', 'area', 776);
INSERT INTO `region` VALUES (780, '青冈县', '231223', 'area', 776);
INSERT INTO `region` VALUES (781, '庆安县', '231224', 'area', 776);
INSERT INTO `region` VALUES (782, '明水县', '231225', 'area', 776);
INSERT INTO `region` VALUES (783, '绥棱县', '231226', 'area', 776);
INSERT INTO `region` VALUES (784, '安达市', '231281', 'area', 776);
INSERT INTO `region` VALUES (785, '肇东市', '231282', 'area', 776);
INSERT INTO `region` VALUES (786, '海伦市', '231283', 'area', 776);
INSERT INTO `region` VALUES (787, '大兴安岭地区', '232700', 'city', 649);
INSERT INTO `region` VALUES (788, '加格达奇区', '232701', 'area', 787);
INSERT INTO `region` VALUES (789, '松岭区', '232702', 'area', 787);
INSERT INTO `region` VALUES (790, '新林区', '232703', 'area', 787);
INSERT INTO `region` VALUES (791, '呼中区', '232704', 'area', 787);
INSERT INTO `region` VALUES (792, '呼玛县', '232721', 'area', 787);
INSERT INTO `region` VALUES (793, '塔河县', '232722', 'area', 787);
INSERT INTO `region` VALUES (794, '漠河县', '232723', 'area', 787);
INSERT INTO `region` VALUES (795, '上海市', '310000', 'province', 0);
INSERT INTO `region` VALUES (796, '上海市', '310100', 'city', 795);
INSERT INTO `region` VALUES (797, '黄浦区', '310101', 'area', 796);
INSERT INTO `region` VALUES (798, '徐汇区', '310104', 'area', 796);
INSERT INTO `region` VALUES (799, '长宁区', '310105', 'area', 796);
INSERT INTO `region` VALUES (800, '静安区', '310106', 'area', 796);
INSERT INTO `region` VALUES (801, '普陀区', '310107', 'area', 796);
INSERT INTO `region` VALUES (802, '虹口区', '310109', 'area', 796);
INSERT INTO `region` VALUES (803, '杨浦区', '310110', 'area', 796);
INSERT INTO `region` VALUES (804, '闵行区', '310112', 'area', 796);
INSERT INTO `region` VALUES (805, '宝山区', '310113', 'area', 796);
INSERT INTO `region` VALUES (806, '嘉定区', '310114', 'area', 796);
INSERT INTO `region` VALUES (807, '浦东新区', '310115', 'area', 796);
INSERT INTO `region` VALUES (808, '金山区', '310116', 'area', 796);
INSERT INTO `region` VALUES (809, '松江区', '310117', 'area', 796);
INSERT INTO `region` VALUES (810, '青浦区', '310118', 'area', 796);
INSERT INTO `region` VALUES (811, '奉贤区', '310120', 'area', 796);
INSERT INTO `region` VALUES (812, '崇明区', '310151', 'area', 796);
INSERT INTO `region` VALUES (813, '江苏省', '320000', 'province', 0);
INSERT INTO `region` VALUES (814, '南京市', '320100', 'city', 813);
INSERT INTO `region` VALUES (815, '玄武区', '320102', 'area', 814);
INSERT INTO `region` VALUES (816, '秦淮区', '320104', 'area', 814);
INSERT INTO `region` VALUES (817, '建邺区', '320105', 'area', 814);
INSERT INTO `region` VALUES (818, '鼓楼区', '320106', 'area', 814);
INSERT INTO `region` VALUES (819, '浦口区', '320111', 'area', 814);
INSERT INTO `region` VALUES (820, '栖霞区', '320113', 'area', 814);
INSERT INTO `region` VALUES (821, '雨花台区', '320114', 'area', 814);
INSERT INTO `region` VALUES (822, '江宁区', '320115', 'area', 814);
INSERT INTO `region` VALUES (823, '六合区', '320116', 'area', 814);
INSERT INTO `region` VALUES (824, '溧水区', '320117', 'area', 814);
INSERT INTO `region` VALUES (825, '高淳区', '320118', 'area', 814);
INSERT INTO `region` VALUES (826, '无锡市', '320200', 'city', 813);
INSERT INTO `region` VALUES (827, '锡山区', '320205', 'area', 826);
INSERT INTO `region` VALUES (828, '惠山区', '320206', 'area', 826);
INSERT INTO `region` VALUES (829, '滨湖区', '320211', 'area', 826);
INSERT INTO `region` VALUES (830, '梁溪区', '320213', 'area', 826);
INSERT INTO `region` VALUES (831, '新吴区', '320214', 'area', 826);
INSERT INTO `region` VALUES (832, '江阴市', '320281', 'area', 826);
INSERT INTO `region` VALUES (833, '宜兴市', '320282', 'area', 826);
INSERT INTO `region` VALUES (834, '徐州市', '320300', 'city', 813);
INSERT INTO `region` VALUES (835, '鼓楼区', '320302', 'area', 834);
INSERT INTO `region` VALUES (836, '云龙区', '320303', 'area', 834);
INSERT INTO `region` VALUES (837, '贾汪区', '320305', 'area', 834);
INSERT INTO `region` VALUES (838, '泉山区', '320311', 'area', 834);
INSERT INTO `region` VALUES (839, '铜山区', '320312', 'area', 834);
INSERT INTO `region` VALUES (840, '丰县', '320321', 'area', 834);
INSERT INTO `region` VALUES (841, '沛县', '320322', 'area', 834);
INSERT INTO `region` VALUES (842, '睢宁县', '320324', 'area', 834);
INSERT INTO `region` VALUES (843, '新沂市', '320381', 'area', 834);
INSERT INTO `region` VALUES (844, '邳州市', '320382', 'area', 834);
INSERT INTO `region` VALUES (845, '常州市', '320400', 'city', 813);
INSERT INTO `region` VALUES (846, '天宁区', '320402', 'area', 845);
INSERT INTO `region` VALUES (847, '钟楼区', '320404', 'area', 845);
INSERT INTO `region` VALUES (848, '新北区', '320411', 'area', 845);
INSERT INTO `region` VALUES (849, '武进区', '320412', 'area', 845);
INSERT INTO `region` VALUES (850, '金坛区', '320413', 'area', 845);
INSERT INTO `region` VALUES (851, '溧阳市', '320481', 'area', 845);
INSERT INTO `region` VALUES (852, '苏州市', '320500', 'city', 813);
INSERT INTO `region` VALUES (853, '虎丘区', '320505', 'area', 852);
INSERT INTO `region` VALUES (854, '吴中区', '320506', 'area', 852);
INSERT INTO `region` VALUES (855, '相城区', '320507', 'area', 852);
INSERT INTO `region` VALUES (856, '姑苏区', '320508', 'area', 852);
INSERT INTO `region` VALUES (857, '吴江区', '320509', 'area', 852);
INSERT INTO `region` VALUES (858, '常熟市', '320581', 'area', 852);
INSERT INTO `region` VALUES (859, '张家港市', '320582', 'area', 852);
INSERT INTO `region` VALUES (860, '昆山市', '320583', 'area', 852);
INSERT INTO `region` VALUES (861, '太仓市', '320585', 'area', 852);
INSERT INTO `region` VALUES (862, '南通市', '320600', 'city', 813);
INSERT INTO `region` VALUES (863, '崇川区', '320602', 'area', 862);
INSERT INTO `region` VALUES (864, '港闸区', '320611', 'area', 862);
INSERT INTO `region` VALUES (865, '通州区', '320612', 'area', 862);
INSERT INTO `region` VALUES (866, '海安县', '320621', 'area', 862);
INSERT INTO `region` VALUES (867, '如东县', '320623', 'area', 862);
INSERT INTO `region` VALUES (868, '启东市', '320681', 'area', 862);
INSERT INTO `region` VALUES (869, '如皋市', '320682', 'area', 862);
INSERT INTO `region` VALUES (870, '海门市', '320684', 'area', 862);
INSERT INTO `region` VALUES (871, '连云港市', '320700', 'city', 813);
INSERT INTO `region` VALUES (872, '连云区', '320703', 'area', 871);
INSERT INTO `region` VALUES (873, '海州区', '320706', 'area', 871);
INSERT INTO `region` VALUES (874, '赣榆区', '320707', 'area', 871);
INSERT INTO `region` VALUES (875, '东海县', '320722', 'area', 871);
INSERT INTO `region` VALUES (876, '灌云县', '320723', 'area', 871);
INSERT INTO `region` VALUES (877, '灌南县', '320724', 'area', 871);
INSERT INTO `region` VALUES (878, '淮安市', '320800', 'city', 813);
INSERT INTO `region` VALUES (879, '淮安区', '320803', 'area', 878);
INSERT INTO `region` VALUES (880, '淮阴区', '320804', 'area', 878);
INSERT INTO `region` VALUES (881, '清江浦区', '320812', 'area', 878);
INSERT INTO `region` VALUES (882, '洪泽区', '320813', 'area', 878);
INSERT INTO `region` VALUES (883, '涟水县', '320826', 'area', 878);
INSERT INTO `region` VALUES (884, '盱眙县', '320830', 'area', 878);
INSERT INTO `region` VALUES (885, '金湖县', '320831', 'area', 878);
INSERT INTO `region` VALUES (886, '盐城市', '320900', 'city', 813);
INSERT INTO `region` VALUES (887, '亭湖区', '320902', 'area', 886);
INSERT INTO `region` VALUES (888, '盐都区', '320903', 'area', 886);
INSERT INTO `region` VALUES (889, '大丰区', '320904', 'area', 886);
INSERT INTO `region` VALUES (890, '响水县', '320921', 'area', 886);
INSERT INTO `region` VALUES (891, '滨海县', '320922', 'area', 886);
INSERT INTO `region` VALUES (892, '阜宁县', '320923', 'area', 886);
INSERT INTO `region` VALUES (893, '射阳县', '320924', 'area', 886);
INSERT INTO `region` VALUES (894, '建湖县', '320925', 'area', 886);
INSERT INTO `region` VALUES (895, '东台市', '320981', 'area', 886);
INSERT INTO `region` VALUES (896, '扬州市', '321000', 'city', 813);
INSERT INTO `region` VALUES (897, '广陵区', '321002', 'area', 896);
INSERT INTO `region` VALUES (898, '邗江区', '321003', 'area', 896);
INSERT INTO `region` VALUES (899, '江都区', '321012', 'area', 896);
INSERT INTO `region` VALUES (900, '宝应县', '321023', 'area', 896);
INSERT INTO `region` VALUES (901, '仪征市', '321081', 'area', 896);
INSERT INTO `region` VALUES (902, '高邮市', '321084', 'area', 896);
INSERT INTO `region` VALUES (903, '镇江市', '321100', 'city', 813);
INSERT INTO `region` VALUES (904, '京口区', '321102', 'area', 903);
INSERT INTO `region` VALUES (905, '润州区', '321111', 'area', 903);
INSERT INTO `region` VALUES (906, '丹徒区', '321112', 'area', 903);
INSERT INTO `region` VALUES (907, '丹阳市', '321181', 'area', 903);
INSERT INTO `region` VALUES (908, '扬中市', '321182', 'area', 903);
INSERT INTO `region` VALUES (909, '句容市', '321183', 'area', 903);
INSERT INTO `region` VALUES (910, '泰州市', '321200', 'city', 813);
INSERT INTO `region` VALUES (911, '海陵区', '321202', 'area', 910);
INSERT INTO `region` VALUES (912, '高港区', '321203', 'area', 910);
INSERT INTO `region` VALUES (913, '姜堰区', '321204', 'area', 910);
INSERT INTO `region` VALUES (914, '兴化市', '321281', 'area', 910);
INSERT INTO `region` VALUES (915, '靖江市', '321282', 'area', 910);
INSERT INTO `region` VALUES (916, '泰兴市', '321283', 'area', 910);
INSERT INTO `region` VALUES (917, '宿迁市', '321300', 'city', 813);
INSERT INTO `region` VALUES (918, '宿城区', '321302', 'area', 917);
INSERT INTO `region` VALUES (919, '宿豫区', '321311', 'area', 917);
INSERT INTO `region` VALUES (920, '沭阳县', '321322', 'area', 917);
INSERT INTO `region` VALUES (921, '泗阳县', '321323', 'area', 917);
INSERT INTO `region` VALUES (922, '泗洪县', '321324', 'area', 917);
INSERT INTO `region` VALUES (923, '浙江省', '330000', 'province', 0);
INSERT INTO `region` VALUES (924, '杭州市', '330100', 'city', 923);
INSERT INTO `region` VALUES (925, '上城区', '330102', 'area', 924);
INSERT INTO `region` VALUES (926, '下城区', '330103', 'area', 924);
INSERT INTO `region` VALUES (927, '江干区', '330104', 'area', 924);
INSERT INTO `region` VALUES (928, '拱墅区', '330105', 'area', 924);
INSERT INTO `region` VALUES (929, '西湖区', '330106', 'area', 924);
INSERT INTO `region` VALUES (930, '滨江区', '330108', 'area', 924);
INSERT INTO `region` VALUES (931, '萧山区', '330109', 'area', 924);
INSERT INTO `region` VALUES (932, '余杭区', '330110', 'area', 924);
INSERT INTO `region` VALUES (933, '富阳区', '330111', 'area', 924);
INSERT INTO `region` VALUES (934, '临安区', '330112', 'area', 924);
INSERT INTO `region` VALUES (935, '桐庐县', '330122', 'area', 924);
INSERT INTO `region` VALUES (936, '淳安县', '330127', 'area', 924);
INSERT INTO `region` VALUES (937, '建德市', '330182', 'area', 924);
INSERT INTO `region` VALUES (938, '宁波市', '330200', 'city', 923);
INSERT INTO `region` VALUES (939, '海曙区', '330203', 'area', 938);
INSERT INTO `region` VALUES (940, '江北区', '330205', 'area', 938);
INSERT INTO `region` VALUES (941, '北仑区', '330206', 'area', 938);
INSERT INTO `region` VALUES (942, '镇海区', '330211', 'area', 938);
INSERT INTO `region` VALUES (943, '鄞州区', '330212', 'area', 938);
INSERT INTO `region` VALUES (944, '奉化区', '330213', 'area', 938);
INSERT INTO `region` VALUES (945, '象山县', '330225', 'area', 938);
INSERT INTO `region` VALUES (946, '宁海县', '330226', 'area', 938);
INSERT INTO `region` VALUES (947, '余姚市', '330281', 'area', 938);
INSERT INTO `region` VALUES (948, '慈溪市', '330282', 'area', 938);
INSERT INTO `region` VALUES (949, '温州市', '330300', 'city', 923);
INSERT INTO `region` VALUES (950, '鹿城区', '330302', 'area', 949);
INSERT INTO `region` VALUES (951, '龙湾区', '330303', 'area', 949);
INSERT INTO `region` VALUES (952, '瓯海区', '330304', 'area', 949);
INSERT INTO `region` VALUES (953, '洞头区', '330305', 'area', 949);
INSERT INTO `region` VALUES (954, '永嘉县', '330324', 'area', 949);
INSERT INTO `region` VALUES (955, '平阳县', '330326', 'area', 949);
INSERT INTO `region` VALUES (956, '苍南县', '330327', 'area', 949);
INSERT INTO `region` VALUES (957, '文成县', '330328', 'area', 949);
INSERT INTO `region` VALUES (958, '泰顺县', '330329', 'area', 949);
INSERT INTO `region` VALUES (959, '瑞安市', '330381', 'area', 949);
INSERT INTO `region` VALUES (960, '乐清市', '330382', 'area', 949);
INSERT INTO `region` VALUES (961, '嘉兴市', '330400', 'city', 923);
INSERT INTO `region` VALUES (962, '南湖区', '330402', 'area', 961);
INSERT INTO `region` VALUES (963, '秀洲区', '330411', 'area', 961);
INSERT INTO `region` VALUES (964, '嘉善县', '330421', 'area', 961);
INSERT INTO `region` VALUES (965, '海盐县', '330424', 'area', 961);
INSERT INTO `region` VALUES (966, '海宁市', '330481', 'area', 961);
INSERT INTO `region` VALUES (967, '平湖市', '330482', 'area', 961);
INSERT INTO `region` VALUES (968, '桐乡市', '330483', 'area', 961);
INSERT INTO `region` VALUES (969, '湖州市', '330500', 'city', 923);
INSERT INTO `region` VALUES (970, '吴兴区', '330502', 'area', 969);
INSERT INTO `region` VALUES (971, '南浔区', '330503', 'area', 969);
INSERT INTO `region` VALUES (972, '德清县', '330521', 'area', 969);
INSERT INTO `region` VALUES (973, '长兴县', '330522', 'area', 969);
INSERT INTO `region` VALUES (974, '安吉县', '330523', 'area', 969);
INSERT INTO `region` VALUES (975, '绍兴市', '330600', 'city', 923);
INSERT INTO `region` VALUES (976, '越城区', '330602', 'area', 975);
INSERT INTO `region` VALUES (977, '柯桥区', '330603', 'area', 975);
INSERT INTO `region` VALUES (978, '上虞区', '330604', 'area', 975);
INSERT INTO `region` VALUES (979, '新昌县', '330624', 'area', 975);
INSERT INTO `region` VALUES (980, '诸暨市', '330681', 'area', 975);
INSERT INTO `region` VALUES (981, '嵊州市', '330683', 'area', 975);
INSERT INTO `region` VALUES (982, '金华市', '330700', 'city', 923);
INSERT INTO `region` VALUES (983, '婺城区', '330702', 'area', 982);
INSERT INTO `region` VALUES (984, '金东区', '330703', 'area', 982);
INSERT INTO `region` VALUES (985, '武义县', '330723', 'area', 982);
INSERT INTO `region` VALUES (986, '浦江县', '330726', 'area', 982);
INSERT INTO `region` VALUES (987, '磐安县', '330727', 'area', 982);
INSERT INTO `region` VALUES (988, '兰溪市', '330781', 'area', 982);
INSERT INTO `region` VALUES (989, '义乌市', '330782', 'area', 982);
INSERT INTO `region` VALUES (990, '东阳市', '330783', 'area', 982);
INSERT INTO `region` VALUES (991, '永康市', '330784', 'area', 982);
INSERT INTO `region` VALUES (992, '衢州市', '330800', 'city', 923);
INSERT INTO `region` VALUES (993, '柯城区', '330802', 'area', 992);
INSERT INTO `region` VALUES (994, '衢江区', '330803', 'area', 992);
INSERT INTO `region` VALUES (995, '常山县', '330822', 'area', 992);
INSERT INTO `region` VALUES (996, '开化县', '330824', 'area', 992);
INSERT INTO `region` VALUES (997, '龙游县', '330825', 'area', 992);
INSERT INTO `region` VALUES (998, '江山市', '330881', 'area', 992);
INSERT INTO `region` VALUES (999, '舟山市', '330900', 'city', 923);
INSERT INTO `region` VALUES (1000, '定海区', '330902', 'area', 999);
INSERT INTO `region` VALUES (1001, '普陀区', '330903', 'area', 999);
INSERT INTO `region` VALUES (1002, '岱山县', '330921', 'area', 999);
INSERT INTO `region` VALUES (1003, '嵊泗县', '330922', 'area', 999);
INSERT INTO `region` VALUES (1004, '台州市', '331000', 'city', 923);
INSERT INTO `region` VALUES (1005, '椒江区', '331002', 'area', 1004);
INSERT INTO `region` VALUES (1006, '黄岩区', '331003', 'area', 1004);
INSERT INTO `region` VALUES (1007, '路桥区', '331004', 'area', 1004);
INSERT INTO `region` VALUES (1008, '三门县', '331022', 'area', 1004);
INSERT INTO `region` VALUES (1009, '天台县', '331023', 'area', 1004);
INSERT INTO `region` VALUES (1010, '仙居县', '331024', 'area', 1004);
INSERT INTO `region` VALUES (1011, '温岭市', '331081', 'area', 1004);
INSERT INTO `region` VALUES (1012, '临海市', '331082', 'area', 1004);
INSERT INTO `region` VALUES (1013, '玉环市', '331083', 'area', 1004);
INSERT INTO `region` VALUES (1014, '丽水市', '331100', 'city', 923);
INSERT INTO `region` VALUES (1015, '莲都区', '331102', 'area', 1014);
INSERT INTO `region` VALUES (1016, '青田县', '331121', 'area', 1014);
INSERT INTO `region` VALUES (1017, '缙云县', '331122', 'area', 1014);
INSERT INTO `region` VALUES (1018, '遂昌县', '331123', 'area', 1014);
INSERT INTO `region` VALUES (1019, '松阳县', '331124', 'area', 1014);
INSERT INTO `region` VALUES (1020, '云和县', '331125', 'area', 1014);
INSERT INTO `region` VALUES (1021, '庆元县', '331126', 'area', 1014);
INSERT INTO `region` VALUES (1022, '景宁畲族自治县', '331127', 'area', 1014);
INSERT INTO `region` VALUES (1023, '龙泉市', '331181', 'area', 1014);
INSERT INTO `region` VALUES (1024, '安徽省', '340000', 'province', 0);
INSERT INTO `region` VALUES (1025, '合肥市', '340100', 'city', 1024);
INSERT INTO `region` VALUES (1026, '瑶海区', '340102', 'area', 1025);
INSERT INTO `region` VALUES (1027, '庐阳区', '340103', 'area', 1025);
INSERT INTO `region` VALUES (1028, '蜀山区', '340104', 'area', 1025);
INSERT INTO `region` VALUES (1029, '包河区', '340111', 'area', 1025);
INSERT INTO `region` VALUES (1030, '长丰县', '340121', 'area', 1025);
INSERT INTO `region` VALUES (1031, '肥东县', '340122', 'area', 1025);
INSERT INTO `region` VALUES (1032, '肥西县', '340123', 'area', 1025);
INSERT INTO `region` VALUES (1033, '庐江县', '340124', 'area', 1025);
INSERT INTO `region` VALUES (1034, '巢湖市', '340181', 'area', 1025);
INSERT INTO `region` VALUES (1035, '芜湖市', '340200', 'city', 1024);
INSERT INTO `region` VALUES (1036, '镜湖区', '340202', 'area', 1035);
INSERT INTO `region` VALUES (1037, '弋江区', '340203', 'area', 1035);
INSERT INTO `region` VALUES (1038, '鸠江区', '340207', 'area', 1035);
INSERT INTO `region` VALUES (1039, '三山区', '340208', 'area', 1035);
INSERT INTO `region` VALUES (1040, '芜湖县', '340221', 'area', 1035);
INSERT INTO `region` VALUES (1041, '繁昌县', '340222', 'area', 1035);
INSERT INTO `region` VALUES (1042, '南陵县', '340223', 'area', 1035);
INSERT INTO `region` VALUES (1043, '无为县', '340225', 'area', 1035);
INSERT INTO `region` VALUES (1044, '蚌埠市', '340300', 'city', 1024);
INSERT INTO `region` VALUES (1045, '龙子湖区', '340302', 'area', 1044);
INSERT INTO `region` VALUES (1046, '蚌山区', '340303', 'area', 1044);
INSERT INTO `region` VALUES (1047, '禹会区', '340304', 'area', 1044);
INSERT INTO `region` VALUES (1048, '淮上区', '340311', 'area', 1044);
INSERT INTO `region` VALUES (1049, '怀远县', '340321', 'area', 1044);
INSERT INTO `region` VALUES (1050, '五河县', '340322', 'area', 1044);
INSERT INTO `region` VALUES (1051, '固镇县', '340323', 'area', 1044);
INSERT INTO `region` VALUES (1052, '淮南市', '340400', 'city', 1024);
INSERT INTO `region` VALUES (1053, '大通区', '340402', 'area', 1052);
INSERT INTO `region` VALUES (1054, '田家庵区', '340403', 'area', 1052);
INSERT INTO `region` VALUES (1055, '谢家集区', '340404', 'area', 1052);
INSERT INTO `region` VALUES (1056, '八公山区', '340405', 'area', 1052);
INSERT INTO `region` VALUES (1057, '潘集区', '340406', 'area', 1052);
INSERT INTO `region` VALUES (1058, '凤台县', '340421', 'area', 1052);
INSERT INTO `region` VALUES (1059, '寿县', '340422', 'area', 1052);
INSERT INTO `region` VALUES (1060, '马鞍山市', '340500', 'city', 1024);
INSERT INTO `region` VALUES (1061, '花山区', '340503', 'area', 1060);
INSERT INTO `region` VALUES (1062, '雨山区', '340504', 'area', 1060);
INSERT INTO `region` VALUES (1063, '博望区', '340506', 'area', 1060);
INSERT INTO `region` VALUES (1064, '当涂县', '340521', 'area', 1060);
INSERT INTO `region` VALUES (1065, '含山县', '340522', 'area', 1060);
INSERT INTO `region` VALUES (1066, '和县', '340523', 'area', 1060);
INSERT INTO `region` VALUES (1067, '淮北市', '340600', 'city', 1024);
INSERT INTO `region` VALUES (1068, '杜集区', '340602', 'area', 1067);
INSERT INTO `region` VALUES (1069, '相山区', '340603', 'area', 1067);
INSERT INTO `region` VALUES (1070, '烈山区', '340604', 'area', 1067);
INSERT INTO `region` VALUES (1071, '濉溪县', '340621', 'area', 1067);
INSERT INTO `region` VALUES (1072, '铜陵市', '340700', 'city', 1024);
INSERT INTO `region` VALUES (1073, '铜官区', '340705', 'area', 1072);
INSERT INTO `region` VALUES (1074, '义安区', '340706', 'area', 1072);
INSERT INTO `region` VALUES (1075, '郊区', '340711', 'area', 1072);
INSERT INTO `region` VALUES (1076, '枞阳县', '340722', 'area', 1072);
INSERT INTO `region` VALUES (1077, '安庆市', '340800', 'city', 1024);
INSERT INTO `region` VALUES (1078, '迎江区', '340802', 'area', 1077);
INSERT INTO `region` VALUES (1079, '大观区', '340803', 'area', 1077);
INSERT INTO `region` VALUES (1080, '宜秀区', '340811', 'area', 1077);
INSERT INTO `region` VALUES (1081, '怀宁县', '340822', 'area', 1077);
INSERT INTO `region` VALUES (1082, '潜山县', '340824', 'area', 1077);
INSERT INTO `region` VALUES (1083, '太湖县', '340825', 'area', 1077);
INSERT INTO `region` VALUES (1084, '宿松县', '340826', 'area', 1077);
INSERT INTO `region` VALUES (1085, '望江县', '340827', 'area', 1077);
INSERT INTO `region` VALUES (1086, '岳西县', '340828', 'area', 1077);
INSERT INTO `region` VALUES (1087, '桐城市', '340881', 'area', 1077);
INSERT INTO `region` VALUES (1088, '黄山市', '341000', 'city', 1024);
INSERT INTO `region` VALUES (1089, '屯溪区', '341002', 'area', 1088);
INSERT INTO `region` VALUES (1090, '黄山区', '341003', 'area', 1088);
INSERT INTO `region` VALUES (1091, '徽州区', '341004', 'area', 1088);
INSERT INTO `region` VALUES (1092, '歙县', '341021', 'area', 1088);
INSERT INTO `region` VALUES (1093, '休宁县', '341022', 'area', 1088);
INSERT INTO `region` VALUES (1094, '黟县', '341023', 'area', 1088);
INSERT INTO `region` VALUES (1095, '祁门县', '341024', 'area', 1088);
INSERT INTO `region` VALUES (1096, '滁州市', '341100', 'city', 1024);
INSERT INTO `region` VALUES (1097, '琅琊区', '341102', 'area', 1096);
INSERT INTO `region` VALUES (1098, '南谯区', '341103', 'area', 1096);
INSERT INTO `region` VALUES (1099, '来安县', '341122', 'area', 1096);
INSERT INTO `region` VALUES (1100, '全椒县', '341124', 'area', 1096);
INSERT INTO `region` VALUES (1101, '定远县', '341125', 'area', 1096);
INSERT INTO `region` VALUES (1102, '凤阳县', '341126', 'area', 1096);
INSERT INTO `region` VALUES (1103, '天长市', '341181', 'area', 1096);
INSERT INTO `region` VALUES (1104, '明光市', '341182', 'area', 1096);
INSERT INTO `region` VALUES (1105, '阜阳市', '341200', 'city', 1024);
INSERT INTO `region` VALUES (1106, '颍州区', '341202', 'area', 1105);
INSERT INTO `region` VALUES (1107, '颍东区', '341203', 'area', 1105);
INSERT INTO `region` VALUES (1108, '颍泉区', '341204', 'area', 1105);
INSERT INTO `region` VALUES (1109, '临泉县', '341221', 'area', 1105);
INSERT INTO `region` VALUES (1110, '太和县', '341222', 'area', 1105);
INSERT INTO `region` VALUES (1111, '阜南县', '341225', 'area', 1105);
INSERT INTO `region` VALUES (1112, '颍上县', '341226', 'area', 1105);
INSERT INTO `region` VALUES (1113, '界首市', '341282', 'area', 1105);
INSERT INTO `region` VALUES (1114, '宿州市', '341300', 'city', 1024);
INSERT INTO `region` VALUES (1115, '埇桥区', '341302', 'area', 1114);
INSERT INTO `region` VALUES (1116, '砀山县', '341321', 'area', 1114);
INSERT INTO `region` VALUES (1117, '萧县', '341322', 'area', 1114);
INSERT INTO `region` VALUES (1118, '灵璧县', '341323', 'area', 1114);
INSERT INTO `region` VALUES (1119, '泗县', '341324', 'area', 1114);
INSERT INTO `region` VALUES (1120, '六安市', '341500', 'city', 1024);
INSERT INTO `region` VALUES (1121, '金安区', '341502', 'area', 1120);
INSERT INTO `region` VALUES (1122, '裕安区', '341503', 'area', 1120);
INSERT INTO `region` VALUES (1123, '叶集区', '341504', 'area', 1120);
INSERT INTO `region` VALUES (1124, '霍邱县', '341522', 'area', 1120);
INSERT INTO `region` VALUES (1125, '舒城县', '341523', 'area', 1120);
INSERT INTO `region` VALUES (1126, '金寨县', '341524', 'area', 1120);
INSERT INTO `region` VALUES (1127, '霍山县', '341525', 'area', 1120);
INSERT INTO `region` VALUES (1128, '亳州市', '341600', 'city', 1024);
INSERT INTO `region` VALUES (1129, '谯城区', '341602', 'area', 1128);
INSERT INTO `region` VALUES (1130, '涡阳县', '341621', 'area', 1128);
INSERT INTO `region` VALUES (1131, '蒙城县', '341622', 'area', 1128);
INSERT INTO `region` VALUES (1132, '利辛县', '341623', 'area', 1128);
INSERT INTO `region` VALUES (1133, '池州市', '341700', 'city', 1024);
INSERT INTO `region` VALUES (1134, '贵池区', '341702', 'area', 1133);
INSERT INTO `region` VALUES (1135, '东至县', '341721', 'area', 1133);
INSERT INTO `region` VALUES (1136, '石台县', '341722', 'area', 1133);
INSERT INTO `region` VALUES (1137, '青阳县', '341723', 'area', 1133);
INSERT INTO `region` VALUES (1138, '宣城市', '341800', 'city', 1024);
INSERT INTO `region` VALUES (1139, '宣州区', '341802', 'area', 1138);
INSERT INTO `region` VALUES (1140, '郎溪县', '341821', 'area', 1138);
INSERT INTO `region` VALUES (1141, '广德县', '341822', 'area', 1138);
INSERT INTO `region` VALUES (1142, '泾县', '341823', 'area', 1138);
INSERT INTO `region` VALUES (1143, '绩溪县', '341824', 'area', 1138);
INSERT INTO `region` VALUES (1144, '旌德县', '341825', 'area', 1138);
INSERT INTO `region` VALUES (1145, '宁国市', '341881', 'area', 1138);
INSERT INTO `region` VALUES (1146, '福建省', '350000', 'province', 0);
INSERT INTO `region` VALUES (1147, '福州市', '350100', 'city', 1146);
INSERT INTO `region` VALUES (1148, '鼓楼区', '350102', 'area', 1147);
INSERT INTO `region` VALUES (1149, '台江区', '350103', 'area', 1147);
INSERT INTO `region` VALUES (1150, '仓山区', '350104', 'area', 1147);
INSERT INTO `region` VALUES (1151, '马尾区', '350105', 'area', 1147);
INSERT INTO `region` VALUES (1152, '晋安区', '350111', 'area', 1147);
INSERT INTO `region` VALUES (1153, '长乐区', '350112', 'area', 1147);
INSERT INTO `region` VALUES (1154, '闽侯县', '350121', 'area', 1147);
INSERT INTO `region` VALUES (1155, '连江县', '350122', 'area', 1147);
INSERT INTO `region` VALUES (1156, '罗源县', '350123', 'area', 1147);
INSERT INTO `region` VALUES (1157, '闽清县', '350124', 'area', 1147);
INSERT INTO `region` VALUES (1158, '永泰县', '350125', 'area', 1147);
INSERT INTO `region` VALUES (1159, '平潭县', '350128', 'area', 1147);
INSERT INTO `region` VALUES (1160, '福清市', '350181', 'area', 1147);
INSERT INTO `region` VALUES (1161, '厦门市', '350200', 'city', 1146);
INSERT INTO `region` VALUES (1162, '思明区', '350203', 'area', 1161);
INSERT INTO `region` VALUES (1163, '海沧区', '350205', 'area', 1161);
INSERT INTO `region` VALUES (1164, '湖里区', '350206', 'area', 1161);
INSERT INTO `region` VALUES (1165, '集美区', '350211', 'area', 1161);
INSERT INTO `region` VALUES (1166, '同安区', '350212', 'area', 1161);
INSERT INTO `region` VALUES (1167, '翔安区', '350213', 'area', 1161);
INSERT INTO `region` VALUES (1168, '莆田市', '350300', 'city', 1146);
INSERT INTO `region` VALUES (1169, '城厢区', '350302', 'area', 1168);
INSERT INTO `region` VALUES (1170, '涵江区', '350303', 'area', 1168);
INSERT INTO `region` VALUES (1171, '荔城区', '350304', 'area', 1168);
INSERT INTO `region` VALUES (1172, '秀屿区', '350305', 'area', 1168);
INSERT INTO `region` VALUES (1173, '仙游县', '350322', 'area', 1168);
INSERT INTO `region` VALUES (1174, '三明市', '350400', 'city', 1146);
INSERT INTO `region` VALUES (1175, '梅列区', '350402', 'area', 1174);
INSERT INTO `region` VALUES (1176, '三元区', '350403', 'area', 1174);
INSERT INTO `region` VALUES (1177, '明溪县', '350421', 'area', 1174);
INSERT INTO `region` VALUES (1178, '清流县', '350423', 'area', 1174);
INSERT INTO `region` VALUES (1179, '宁化县', '350424', 'area', 1174);
INSERT INTO `region` VALUES (1180, '大田县', '350425', 'area', 1174);
INSERT INTO `region` VALUES (1181, '尤溪县', '350426', 'area', 1174);
INSERT INTO `region` VALUES (1182, '沙县', '350427', 'area', 1174);
INSERT INTO `region` VALUES (1183, '将乐县', '350428', 'area', 1174);
INSERT INTO `region` VALUES (1184, '泰宁县', '350429', 'area', 1174);
INSERT INTO `region` VALUES (1185, '建宁县', '350430', 'area', 1174);
INSERT INTO `region` VALUES (1186, '永安市', '350481', 'area', 1174);
INSERT INTO `region` VALUES (1187, '泉州市', '350500', 'city', 1146);
INSERT INTO `region` VALUES (1188, '鲤城区', '350502', 'area', 1187);
INSERT INTO `region` VALUES (1189, '丰泽区', '350503', 'area', 1187);
INSERT INTO `region` VALUES (1190, '洛江区', '350504', 'area', 1187);
INSERT INTO `region` VALUES (1191, '泉港区', '350505', 'area', 1187);
INSERT INTO `region` VALUES (1192, '惠安县', '350521', 'area', 1187);
INSERT INTO `region` VALUES (1193, '安溪县', '350524', 'area', 1187);
INSERT INTO `region` VALUES (1194, '永春县', '350525', 'area', 1187);
INSERT INTO `region` VALUES (1195, '德化县', '350526', 'area', 1187);
INSERT INTO `region` VALUES (1196, '金门县', '350527', 'area', 1187);
INSERT INTO `region` VALUES (1197, '石狮市', '350581', 'area', 1187);
INSERT INTO `region` VALUES (1198, '晋江市', '350582', 'area', 1187);
INSERT INTO `region` VALUES (1199, '南安市', '350583', 'area', 1187);
INSERT INTO `region` VALUES (1200, '漳州市', '350600', 'city', 1146);
INSERT INTO `region` VALUES (1201, '芗城区', '350602', 'area', 1200);
INSERT INTO `region` VALUES (1202, '龙文区', '350603', 'area', 1200);
INSERT INTO `region` VALUES (1203, '云霄县', '350622', 'area', 1200);
INSERT INTO `region` VALUES (1204, '漳浦县', '350623', 'area', 1200);
INSERT INTO `region` VALUES (1205, '诏安县', '350624', 'area', 1200);
INSERT INTO `region` VALUES (1206, '长泰县', '350625', 'area', 1200);
INSERT INTO `region` VALUES (1207, '东山县', '350626', 'area', 1200);
INSERT INTO `region` VALUES (1208, '南靖县', '350627', 'area', 1200);
INSERT INTO `region` VALUES (1209, '平和县', '350628', 'area', 1200);
INSERT INTO `region` VALUES (1210, '华安县', '350629', 'area', 1200);
INSERT INTO `region` VALUES (1211, '龙海市', '350681', 'area', 1200);
INSERT INTO `region` VALUES (1212, '南平市', '350700', 'city', 1146);
INSERT INTO `region` VALUES (1213, '延平区', '350702', 'area', 1212);
INSERT INTO `region` VALUES (1214, '建阳区', '350703', 'area', 1212);
INSERT INTO `region` VALUES (1215, '顺昌县', '350721', 'area', 1212);
INSERT INTO `region` VALUES (1216, '浦城县', '350722', 'area', 1212);
INSERT INTO `region` VALUES (1217, '光泽县', '350723', 'area', 1212);
INSERT INTO `region` VALUES (1218, '松溪县', '350724', 'area', 1212);
INSERT INTO `region` VALUES (1219, '政和县', '350725', 'area', 1212);
INSERT INTO `region` VALUES (1220, '邵武市', '350781', 'area', 1212);
INSERT INTO `region` VALUES (1221, '武夷山市', '350782', 'area', 1212);
INSERT INTO `region` VALUES (1222, '建瓯市', '350783', 'area', 1212);
INSERT INTO `region` VALUES (1223, '龙岩市', '350800', 'city', 1146);
INSERT INTO `region` VALUES (1224, '新罗区', '350802', 'area', 1223);
INSERT INTO `region` VALUES (1225, '永定区', '350803', 'area', 1223);
INSERT INTO `region` VALUES (1226, '长汀县', '350821', 'area', 1223);
INSERT INTO `region` VALUES (1227, '上杭县', '350823', 'area', 1223);
INSERT INTO `region` VALUES (1228, '武平县', '350824', 'area', 1223);
INSERT INTO `region` VALUES (1229, '连城县', '350825', 'area', 1223);
INSERT INTO `region` VALUES (1230, '漳平市', '350881', 'area', 1223);
INSERT INTO `region` VALUES (1231, '宁德市', '350900', 'city', 1146);
INSERT INTO `region` VALUES (1232, '蕉城区', '350902', 'area', 1231);
INSERT INTO `region` VALUES (1233, '霞浦县', '350921', 'area', 1231);
INSERT INTO `region` VALUES (1234, '古田县', '350922', 'area', 1231);
INSERT INTO `region` VALUES (1235, '屏南县', '350923', 'area', 1231);
INSERT INTO `region` VALUES (1236, '寿宁县', '350924', 'area', 1231);
INSERT INTO `region` VALUES (1237, '周宁县', '350925', 'area', 1231);
INSERT INTO `region` VALUES (1238, '柘荣县', '350926', 'area', 1231);
INSERT INTO `region` VALUES (1239, '福安市', '350981', 'area', 1231);
INSERT INTO `region` VALUES (1240, '福鼎市', '350982', 'area', 1231);
INSERT INTO `region` VALUES (1241, '江西省', '360000', 'province', 0);
INSERT INTO `region` VALUES (1242, '南昌市', '360100', 'city', 1241);
INSERT INTO `region` VALUES (1243, '东湖区', '360102', 'area', 1242);
INSERT INTO `region` VALUES (1244, '西湖区', '360103', 'area', 1242);
INSERT INTO `region` VALUES (1245, '青云谱区', '360104', 'area', 1242);
INSERT INTO `region` VALUES (1246, '湾里区', '360105', 'area', 1242);
INSERT INTO `region` VALUES (1247, '青山湖区', '360111', 'area', 1242);
INSERT INTO `region` VALUES (1248, '新建区', '360112', 'area', 1242);
INSERT INTO `region` VALUES (1249, '南昌县', '360121', 'area', 1242);
INSERT INTO `region` VALUES (1250, '安义县', '360123', 'area', 1242);
INSERT INTO `region` VALUES (1251, '进贤县', '360124', 'area', 1242);
INSERT INTO `region` VALUES (1252, '景德镇市', '360200', 'city', 1241);
INSERT INTO `region` VALUES (1253, '昌江区', '360202', 'area', 1252);
INSERT INTO `region` VALUES (1254, '珠山区', '360203', 'area', 1252);
INSERT INTO `region` VALUES (1255, '浮梁县', '360222', 'area', 1252);
INSERT INTO `region` VALUES (1256, '乐平市', '360281', 'area', 1252);
INSERT INTO `region` VALUES (1257, '萍乡市', '360300', 'city', 1241);
INSERT INTO `region` VALUES (1258, '安源区', '360302', 'area', 1257);
INSERT INTO `region` VALUES (1259, '湘东区', '360313', 'area', 1257);
INSERT INTO `region` VALUES (1260, '莲花县', '360321', 'area', 1257);
INSERT INTO `region` VALUES (1261, '上栗县', '360322', 'area', 1257);
INSERT INTO `region` VALUES (1262, '芦溪县', '360323', 'area', 1257);
INSERT INTO `region` VALUES (1263, '九江市', '360400', 'city', 1241);
INSERT INTO `region` VALUES (1264, '濂溪区', '360402', 'area', 1263);
INSERT INTO `region` VALUES (1265, '浔阳区', '360403', 'area', 1263);
INSERT INTO `region` VALUES (1266, '柴桑区', '360404', 'area', 1263);
INSERT INTO `region` VALUES (1267, '武宁县', '360423', 'area', 1263);
INSERT INTO `region` VALUES (1268, '修水县', '360424', 'area', 1263);
INSERT INTO `region` VALUES (1269, '永修县', '360425', 'area', 1263);
INSERT INTO `region` VALUES (1270, '德安县', '360426', 'area', 1263);
INSERT INTO `region` VALUES (1271, '都昌县', '360428', 'area', 1263);
INSERT INTO `region` VALUES (1272, '湖口县', '360429', 'area', 1263);
INSERT INTO `region` VALUES (1273, '彭泽县', '360430', 'area', 1263);
INSERT INTO `region` VALUES (1274, '瑞昌市', '360481', 'area', 1263);
INSERT INTO `region` VALUES (1275, '共青城市', '360482', 'area', 1263);
INSERT INTO `region` VALUES (1276, '庐山市', '360483', 'area', 1263);
INSERT INTO `region` VALUES (1277, '新余市', '360500', 'city', 1241);
INSERT INTO `region` VALUES (1278, '渝水区', '360502', 'area', 1277);
INSERT INTO `region` VALUES (1279, '分宜县', '360521', 'area', 1277);
INSERT INTO `region` VALUES (1280, '鹰潭市', '360600', 'city', 1241);
INSERT INTO `region` VALUES (1281, '月湖区', '360602', 'area', 1280);
INSERT INTO `region` VALUES (1282, '余江区', '360622', 'area', 1280);
INSERT INTO `region` VALUES (1283, '贵溪市', '360681', 'area', 1280);
INSERT INTO `region` VALUES (1284, '赣州市', '360700', 'city', 1241);
INSERT INTO `region` VALUES (1285, '章贡区', '360702', 'area', 1284);
INSERT INTO `region` VALUES (1286, '南康区', '360703', 'area', 1284);
INSERT INTO `region` VALUES (1287, '赣县区', '360704', 'area', 1284);
INSERT INTO `region` VALUES (1288, '信丰县', '360722', 'area', 1284);
INSERT INTO `region` VALUES (1289, '大余县', '360723', 'area', 1284);
INSERT INTO `region` VALUES (1290, '上犹县', '360724', 'area', 1284);
INSERT INTO `region` VALUES (1291, '崇义县', '360725', 'area', 1284);
INSERT INTO `region` VALUES (1292, '安远县', '360726', 'area', 1284);
INSERT INTO `region` VALUES (1293, '龙南县', '360727', 'area', 1284);
INSERT INTO `region` VALUES (1294, '定南县', '360728', 'area', 1284);
INSERT INTO `region` VALUES (1295, '全南县', '360729', 'area', 1284);
INSERT INTO `region` VALUES (1296, '宁都县', '360730', 'area', 1284);
INSERT INTO `region` VALUES (1297, '于都县', '360731', 'area', 1284);
INSERT INTO `region` VALUES (1298, '兴国县', '360732', 'area', 1284);
INSERT INTO `region` VALUES (1299, '会昌县', '360733', 'area', 1284);
INSERT INTO `region` VALUES (1300, '寻乌县', '360734', 'area', 1284);
INSERT INTO `region` VALUES (1301, '石城县', '360735', 'area', 1284);
INSERT INTO `region` VALUES (1302, '瑞金市', '360781', 'area', 1284);
INSERT INTO `region` VALUES (1303, '吉安市', '360800', 'city', 1241);
INSERT INTO `region` VALUES (1304, '吉州区', '360802', 'area', 1303);
INSERT INTO `region` VALUES (1305, '青原区', '360803', 'area', 1303);
INSERT INTO `region` VALUES (1306, '吉安县', '360821', 'area', 1303);
INSERT INTO `region` VALUES (1307, '吉水县', '360822', 'area', 1303);
INSERT INTO `region` VALUES (1308, '峡江县', '360823', 'area', 1303);
INSERT INTO `region` VALUES (1309, '新干县', '360824', 'area', 1303);
INSERT INTO `region` VALUES (1310, '永丰县', '360825', 'area', 1303);
INSERT INTO `region` VALUES (1311, '泰和县', '360826', 'area', 1303);
INSERT INTO `region` VALUES (1312, '遂川县', '360827', 'area', 1303);
INSERT INTO `region` VALUES (1313, '万安县', '360828', 'area', 1303);
INSERT INTO `region` VALUES (1314, '安福县', '360829', 'area', 1303);
INSERT INTO `region` VALUES (1315, '永新县', '360830', 'area', 1303);
INSERT INTO `region` VALUES (1316, '井冈山市', '360881', 'area', 1303);
INSERT INTO `region` VALUES (1317, '宜春市', '360900', 'city', 1241);
INSERT INTO `region` VALUES (1318, '袁州区', '360902', 'area', 1317);
INSERT INTO `region` VALUES (1319, '奉新县', '360921', 'area', 1317);
INSERT INTO `region` VALUES (1320, '万载县', '360922', 'area', 1317);
INSERT INTO `region` VALUES (1321, '上高县', '360923', 'area', 1317);
INSERT INTO `region` VALUES (1322, '宜丰县', '360924', 'area', 1317);
INSERT INTO `region` VALUES (1323, '靖安县', '360925', 'area', 1317);
INSERT INTO `region` VALUES (1324, '铜鼓县', '360926', 'area', 1317);
INSERT INTO `region` VALUES (1325, '丰城市', '360981', 'area', 1317);
INSERT INTO `region` VALUES (1326, '樟树市', '360982', 'area', 1317);
INSERT INTO `region` VALUES (1327, '高安市', '360983', 'area', 1317);
INSERT INTO `region` VALUES (1328, '抚州市', '361000', 'city', 1241);
INSERT INTO `region` VALUES (1329, '临川区', '361002', 'area', 1328);
INSERT INTO `region` VALUES (1330, '东乡区', '361003', 'area', 1328);
INSERT INTO `region` VALUES (1331, '南城县', '361021', 'area', 1328);
INSERT INTO `region` VALUES (1332, '黎川县', '361022', 'area', 1328);
INSERT INTO `region` VALUES (1333, '南丰县', '361023', 'area', 1328);
INSERT INTO `region` VALUES (1334, '崇仁县', '361024', 'area', 1328);
INSERT INTO `region` VALUES (1335, '乐安县', '361025', 'area', 1328);
INSERT INTO `region` VALUES (1336, '宜黄县', '361026', 'area', 1328);
INSERT INTO `region` VALUES (1337, '金溪县', '361027', 'area', 1328);
INSERT INTO `region` VALUES (1338, '资溪县', '361028', 'area', 1328);
INSERT INTO `region` VALUES (1339, '广昌县', '361030', 'area', 1328);
INSERT INTO `region` VALUES (1340, '上饶市', '361100', 'city', 1241);
INSERT INTO `region` VALUES (1341, '信州区', '361102', 'area', 1340);
INSERT INTO `region` VALUES (1342, '广丰区', '361103', 'area', 1340);
INSERT INTO `region` VALUES (1343, '上饶县', '361121', 'area', 1340);
INSERT INTO `region` VALUES (1344, '玉山县', '361123', 'area', 1340);
INSERT INTO `region` VALUES (1345, '铅山县', '361124', 'area', 1340);
INSERT INTO `region` VALUES (1346, '横峰县', '361125', 'area', 1340);
INSERT INTO `region` VALUES (1347, '弋阳县', '361126', 'area', 1340);
INSERT INTO `region` VALUES (1348, '余干县', '361127', 'area', 1340);
INSERT INTO `region` VALUES (1349, '鄱阳县', '361128', 'area', 1340);
INSERT INTO `region` VALUES (1350, '万年县', '361129', 'area', 1340);
INSERT INTO `region` VALUES (1351, '婺源县', '361130', 'area', 1340);
INSERT INTO `region` VALUES (1352, '德兴市', '361181', 'area', 1340);
INSERT INTO `region` VALUES (1353, '山东省', '370000', 'province', 0);
INSERT INTO `region` VALUES (1354, '济南市', '370100', 'city', 1353);
INSERT INTO `region` VALUES (1355, '历下区', '370102', 'area', 1354);
INSERT INTO `region` VALUES (1356, '市中区', '370103', 'area', 1354);
INSERT INTO `region` VALUES (1357, '槐荫区', '370104', 'area', 1354);
INSERT INTO `region` VALUES (1358, '天桥区', '370105', 'area', 1354);
INSERT INTO `region` VALUES (1359, '历城区', '370112', 'area', 1354);
INSERT INTO `region` VALUES (1360, '长清区', '370113', 'area', 1354);
INSERT INTO `region` VALUES (1361, '章丘区', '370114', 'area', 1354);
INSERT INTO `region` VALUES (1362, '平阴县', '370124', 'area', 1354);
INSERT INTO `region` VALUES (1363, '济阳县', '370125', 'area', 1354);
INSERT INTO `region` VALUES (1364, '商河县', '370126', 'area', 1354);
INSERT INTO `region` VALUES (1365, '青岛市', '370200', 'city', 1353);
INSERT INTO `region` VALUES (1366, '市南区', '370202', 'area', 1365);
INSERT INTO `region` VALUES (1367, '市北区', '370203', 'area', 1365);
INSERT INTO `region` VALUES (1368, '黄岛区', '370211', 'area', 1365);
INSERT INTO `region` VALUES (1369, '崂山区', '370212', 'area', 1365);
INSERT INTO `region` VALUES (1370, '李沧区', '370213', 'area', 1365);
INSERT INTO `region` VALUES (1371, '城阳区', '370214', 'area', 1365);
INSERT INTO `region` VALUES (1372, '即墨区', '370215', 'area', 1365);
INSERT INTO `region` VALUES (1373, '胶州市', '370281', 'area', 1365);
INSERT INTO `region` VALUES (1374, '平度市', '370283', 'area', 1365);
INSERT INTO `region` VALUES (1375, '莱西市', '370285', 'area', 1365);
INSERT INTO `region` VALUES (1376, '淄博市', '370300', 'city', 1353);
INSERT INTO `region` VALUES (1377, '淄川区', '370302', 'area', 1376);
INSERT INTO `region` VALUES (1378, '张店区', '370303', 'area', 1376);
INSERT INTO `region` VALUES (1379, '博山区', '370304', 'area', 1376);
INSERT INTO `region` VALUES (1380, '临淄区', '370305', 'area', 1376);
INSERT INTO `region` VALUES (1381, '周村区', '370306', 'area', 1376);
INSERT INTO `region` VALUES (1382, '桓台县', '370321', 'area', 1376);
INSERT INTO `region` VALUES (1383, '高青县', '370322', 'area', 1376);
INSERT INTO `region` VALUES (1384, '沂源县', '370323', 'area', 1376);
INSERT INTO `region` VALUES (1385, '枣庄市', '370400', 'city', 1353);
INSERT INTO `region` VALUES (1386, '市中区', '370402', 'area', 1385);
INSERT INTO `region` VALUES (1387, '薛城区', '370403', 'area', 1385);
INSERT INTO `region` VALUES (1388, '峄城区', '370404', 'area', 1385);
INSERT INTO `region` VALUES (1389, '台儿庄区', '370405', 'area', 1385);
INSERT INTO `region` VALUES (1390, '山亭区', '370406', 'area', 1385);
INSERT INTO `region` VALUES (1391, '滕州市', '370481', 'area', 1385);
INSERT INTO `region` VALUES (1392, '东营市', '370500', 'city', 1353);
INSERT INTO `region` VALUES (1393, '东营区', '370502', 'area', 1392);
INSERT INTO `region` VALUES (1394, '河口区', '370503', 'area', 1392);
INSERT INTO `region` VALUES (1395, '垦利区', '370505', 'area', 1392);
INSERT INTO `region` VALUES (1396, '利津县', '370522', 'area', 1392);
INSERT INTO `region` VALUES (1397, '广饶县', '370523', 'area', 1392);
INSERT INTO `region` VALUES (1398, '烟台市', '370600', 'city', 1353);
INSERT INTO `region` VALUES (1399, '芝罘区', '370602', 'area', 1398);
INSERT INTO `region` VALUES (1400, '福山区', '370611', 'area', 1398);
INSERT INTO `region` VALUES (1401, '牟平区', '370612', 'area', 1398);
INSERT INTO `region` VALUES (1402, '莱山区', '370613', 'area', 1398);
INSERT INTO `region` VALUES (1403, '长岛县', '370634', 'area', 1398);
INSERT INTO `region` VALUES (1404, '龙口市', '370681', 'area', 1398);
INSERT INTO `region` VALUES (1405, '莱阳市', '370682', 'area', 1398);
INSERT INTO `region` VALUES (1406, '莱州市', '370683', 'area', 1398);
INSERT INTO `region` VALUES (1407, '蓬莱市', '370684', 'area', 1398);
INSERT INTO `region` VALUES (1408, '招远市', '370685', 'area', 1398);
INSERT INTO `region` VALUES (1409, '栖霞市', '370686', 'area', 1398);
INSERT INTO `region` VALUES (1410, '海阳市', '370687', 'area', 1398);
INSERT INTO `region` VALUES (1411, '潍坊市', '370700', 'city', 1353);
INSERT INTO `region` VALUES (1412, '潍城区', '370702', 'area', 1411);
INSERT INTO `region` VALUES (1413, '寒亭区', '370703', 'area', 1411);
INSERT INTO `region` VALUES (1414, '坊子区', '370704', 'area', 1411);
INSERT INTO `region` VALUES (1415, '奎文区', '370705', 'area', 1411);
INSERT INTO `region` VALUES (1416, '临朐县', '370724', 'area', 1411);
INSERT INTO `region` VALUES (1417, '昌乐县', '370725', 'area', 1411);
INSERT INTO `region` VALUES (1418, '青州市', '370781', 'area', 1411);
INSERT INTO `region` VALUES (1419, '诸城市', '370782', 'area', 1411);
INSERT INTO `region` VALUES (1420, '寿光市', '370783', 'area', 1411);
INSERT INTO `region` VALUES (1421, '安丘市', '370784', 'area', 1411);
INSERT INTO `region` VALUES (1422, '高密市', '370785', 'area', 1411);
INSERT INTO `region` VALUES (1423, '昌邑市', '370786', 'area', 1411);
INSERT INTO `region` VALUES (1424, '济宁市', '370800', 'city', 1353);
INSERT INTO `region` VALUES (1425, '任城区', '370811', 'area', 1424);
INSERT INTO `region` VALUES (1426, '兖州区', '370812', 'area', 1424);
INSERT INTO `region` VALUES (1427, '微山县', '370826', 'area', 1424);
INSERT INTO `region` VALUES (1428, '鱼台县', '370827', 'area', 1424);
INSERT INTO `region` VALUES (1429, '金乡县', '370828', 'area', 1424);
INSERT INTO `region` VALUES (1430, '嘉祥县', '370829', 'area', 1424);
INSERT INTO `region` VALUES (1431, '汶上县', '370830', 'area', 1424);
INSERT INTO `region` VALUES (1432, '泗水县', '370831', 'area', 1424);
INSERT INTO `region` VALUES (1433, '梁山县', '370832', 'area', 1424);
INSERT INTO `region` VALUES (1434, '曲阜市', '370881', 'area', 1424);
INSERT INTO `region` VALUES (1435, '邹城市', '370883', 'area', 1424);
INSERT INTO `region` VALUES (1436, '泰安市', '370900', 'city', 1353);
INSERT INTO `region` VALUES (1437, '泰山区', '370902', 'area', 1436);
INSERT INTO `region` VALUES (1438, '岱岳区', '370911', 'area', 1436);
INSERT INTO `region` VALUES (1439, '宁阳县', '370921', 'area', 1436);
INSERT INTO `region` VALUES (1440, '东平县', '370923', 'area', 1436);
INSERT INTO `region` VALUES (1441, '新泰市', '370982', 'area', 1436);
INSERT INTO `region` VALUES (1442, '肥城市', '370983', 'area', 1436);
INSERT INTO `region` VALUES (1443, '威海市', '371000', 'city', 1353);
INSERT INTO `region` VALUES (1444, '环翠区', '371002', 'area', 1443);
INSERT INTO `region` VALUES (1445, '文登区', '371003', 'area', 1443);
INSERT INTO `region` VALUES (1446, '荣成市', '371082', 'area', 1443);
INSERT INTO `region` VALUES (1447, '乳山市', '371083', 'area', 1443);
INSERT INTO `region` VALUES (1448, '日照市', '371100', 'city', 1353);
INSERT INTO `region` VALUES (1449, '东港区', '371102', 'area', 1448);
INSERT INTO `region` VALUES (1450, '岚山区', '371103', 'area', 1448);
INSERT INTO `region` VALUES (1451, '五莲县', '371121', 'area', 1448);
INSERT INTO `region` VALUES (1452, '莒县', '371122', 'area', 1448);
INSERT INTO `region` VALUES (1453, '莱芜市', '371200', 'city', 1353);
INSERT INTO `region` VALUES (1454, '莱城区', '371202', 'area', 1453);
INSERT INTO `region` VALUES (1455, '钢城区', '371203', 'area', 1453);
INSERT INTO `region` VALUES (1456, '临沂市', '371300', 'city', 1353);
INSERT INTO `region` VALUES (1457, '兰山区', '371302', 'area', 1456);
INSERT INTO `region` VALUES (1458, '罗庄区', '371311', 'area', 1456);
INSERT INTO `region` VALUES (1459, '河东区', '371312', 'area', 1456);
INSERT INTO `region` VALUES (1460, '沂南县', '371321', 'area', 1456);
INSERT INTO `region` VALUES (1461, '郯城县', '371322', 'area', 1456);
INSERT INTO `region` VALUES (1462, '沂水县', '371323', 'area', 1456);
INSERT INTO `region` VALUES (1463, '兰陵县', '371324', 'area', 1456);
INSERT INTO `region` VALUES (1464, '费县', '371325', 'area', 1456);
INSERT INTO `region` VALUES (1465, '平邑县', '371326', 'area', 1456);
INSERT INTO `region` VALUES (1466, '莒南县', '371327', 'area', 1456);
INSERT INTO `region` VALUES (1467, '蒙阴县', '371328', 'area', 1456);
INSERT INTO `region` VALUES (1468, '临沭县', '371329', 'area', 1456);
INSERT INTO `region` VALUES (1469, '德州市', '371400', 'city', 1353);
INSERT INTO `region` VALUES (1470, '德城区', '371402', 'area', 1469);
INSERT INTO `region` VALUES (1471, '陵城区', '371403', 'area', 1469);
INSERT INTO `region` VALUES (1472, '宁津县', '371422', 'area', 1469);
INSERT INTO `region` VALUES (1473, '庆云县', '371423', 'area', 1469);
INSERT INTO `region` VALUES (1474, '临邑县', '371424', 'area', 1469);
INSERT INTO `region` VALUES (1475, '齐河县', '371425', 'area', 1469);
INSERT INTO `region` VALUES (1476, '平原县', '371426', 'area', 1469);
INSERT INTO `region` VALUES (1477, '夏津县', '371427', 'area', 1469);
INSERT INTO `region` VALUES (1478, '武城县', '371428', 'area', 1469);
INSERT INTO `region` VALUES (1479, '乐陵市', '371481', 'area', 1469);
INSERT INTO `region` VALUES (1480, '禹城市', '371482', 'area', 1469);
INSERT INTO `region` VALUES (1481, '聊城市', '371500', 'city', 1353);
INSERT INTO `region` VALUES (1482, '东昌府区', '371502', 'area', 1481);
INSERT INTO `region` VALUES (1483, '阳谷县', '371521', 'area', 1481);
INSERT INTO `region` VALUES (1484, '莘县', '371522', 'area', 1481);
INSERT INTO `region` VALUES (1485, '茌平县', '371523', 'area', 1481);
INSERT INTO `region` VALUES (1486, '东阿县', '371524', 'area', 1481);
INSERT INTO `region` VALUES (1487, '冠县', '371525', 'area', 1481);
INSERT INTO `region` VALUES (1488, '高唐县', '371526', 'area', 1481);
INSERT INTO `region` VALUES (1489, '临清市', '371581', 'area', 1481);
INSERT INTO `region` VALUES (1490, '滨州市', '371600', 'city', 1353);
INSERT INTO `region` VALUES (1491, '滨城区', '371602', 'area', 1490);
INSERT INTO `region` VALUES (1492, '沾化区', '371603', 'area', 1490);
INSERT INTO `region` VALUES (1493, '惠民县', '371621', 'area', 1490);
INSERT INTO `region` VALUES (1494, '阳信县', '371622', 'area', 1490);
INSERT INTO `region` VALUES (1495, '无棣县', '371623', 'area', 1490);
INSERT INTO `region` VALUES (1496, '博兴县', '371625', 'area', 1490);
INSERT INTO `region` VALUES (1497, '邹平县', '371626', 'area', 1490);
INSERT INTO `region` VALUES (1498, '菏泽市', '371700', 'city', 1353);
INSERT INTO `region` VALUES (1499, '牡丹区', '371702', 'area', 1498);
INSERT INTO `region` VALUES (1500, '定陶区', '371703', 'area', 1498);
INSERT INTO `region` VALUES (1501, '曹县', '371721', 'area', 1498);
INSERT INTO `region` VALUES (1502, '单县', '371722', 'area', 1498);
INSERT INTO `region` VALUES (1503, '成武县', '371723', 'area', 1498);
INSERT INTO `region` VALUES (1504, '巨野县', '371724', 'area', 1498);
INSERT INTO `region` VALUES (1505, '郓城县', '371725', 'area', 1498);
INSERT INTO `region` VALUES (1506, '鄄城县', '371726', 'area', 1498);
INSERT INTO `region` VALUES (1507, '东明县', '371728', 'area', 1498);
INSERT INTO `region` VALUES (1508, '河南省', '410000', 'province', 0);
INSERT INTO `region` VALUES (1509, '郑州市', '410100', 'city', 1508);
INSERT INTO `region` VALUES (1510, '中原区', '410102', 'area', 1509);
INSERT INTO `region` VALUES (1511, '二七区', '410103', 'area', 1509);
INSERT INTO `region` VALUES (1512, '管城回族区', '410104', 'area', 1509);
INSERT INTO `region` VALUES (1513, '金水区', '410105', 'area', 1509);
INSERT INTO `region` VALUES (1514, '上街区', '410106', 'area', 1509);
INSERT INTO `region` VALUES (1515, '惠济区', '410108', 'area', 1509);
INSERT INTO `region` VALUES (1516, '中牟县', '410122', 'area', 1509);
INSERT INTO `region` VALUES (1517, '巩义市', '410181', 'area', 1509);
INSERT INTO `region` VALUES (1518, '荥阳市', '410182', 'area', 1509);
INSERT INTO `region` VALUES (1519, '新密市', '410183', 'area', 1509);
INSERT INTO `region` VALUES (1520, '新郑市', '410184', 'area', 1509);
INSERT INTO `region` VALUES (1521, '登封市', '410185', 'area', 1509);
INSERT INTO `region` VALUES (1522, '开封市', '410200', 'city', 1508);
INSERT INTO `region` VALUES (1523, '龙亭区', '410202', 'area', 1522);
INSERT INTO `region` VALUES (1524, '顺河回族区', '410203', 'area', 1522);
INSERT INTO `region` VALUES (1525, '鼓楼区', '410204', 'area', 1522);
INSERT INTO `region` VALUES (1526, '禹王台区', '410205', 'area', 1522);
INSERT INTO `region` VALUES (1527, '祥符区', '410212', 'area', 1522);
INSERT INTO `region` VALUES (1528, '杞县', '410221', 'area', 1522);
INSERT INTO `region` VALUES (1529, '通许县', '410222', 'area', 1522);
INSERT INTO `region` VALUES (1530, '尉氏县', '410223', 'area', 1522);
INSERT INTO `region` VALUES (1531, '兰考县', '410225', 'area', 1522);
INSERT INTO `region` VALUES (1532, '洛阳市', '410300', 'city', 1508);
INSERT INTO `region` VALUES (1533, '老城区', '410302', 'area', 1532);
INSERT INTO `region` VALUES (1534, '西工区', '410303', 'area', 1532);
INSERT INTO `region` VALUES (1535, '瀍河回族区', '410304', 'area', 1532);
INSERT INTO `region` VALUES (1536, '涧西区', '410305', 'area', 1532);
INSERT INTO `region` VALUES (1537, '吉利区', '410306', 'area', 1532);
INSERT INTO `region` VALUES (1538, '洛龙区', '410311', 'area', 1532);
INSERT INTO `region` VALUES (1539, '孟津县', '410322', 'area', 1532);
INSERT INTO `region` VALUES (1540, '新安县', '410323', 'area', 1532);
INSERT INTO `region` VALUES (1541, '栾川县', '410324', 'area', 1532);
INSERT INTO `region` VALUES (1542, '嵩县', '410325', 'area', 1532);
INSERT INTO `region` VALUES (1543, '汝阳县', '410326', 'area', 1532);
INSERT INTO `region` VALUES (1544, '宜阳县', '410327', 'area', 1532);
INSERT INTO `region` VALUES (1545, '洛宁县', '410328', 'area', 1532);
INSERT INTO `region` VALUES (1546, '伊川县', '410329', 'area', 1532);
INSERT INTO `region` VALUES (1547, '偃师市', '410381', 'area', 1532);
INSERT INTO `region` VALUES (1548, '平顶山市', '410400', 'city', 1508);
INSERT INTO `region` VALUES (1549, '新华区', '410402', 'area', 1548);
INSERT INTO `region` VALUES (1550, '卫东区', '410403', 'area', 1548);
INSERT INTO `region` VALUES (1551, '石龙区', '410404', 'area', 1548);
INSERT INTO `region` VALUES (1552, '湛河区', '410411', 'area', 1548);
INSERT INTO `region` VALUES (1553, '宝丰县', '410421', 'area', 1548);
INSERT INTO `region` VALUES (1554, '叶县', '410422', 'area', 1548);
INSERT INTO `region` VALUES (1555, '鲁山县', '410423', 'area', 1548);
INSERT INTO `region` VALUES (1556, '郏县', '410425', 'area', 1548);
INSERT INTO `region` VALUES (1557, '舞钢市', '410481', 'area', 1548);
INSERT INTO `region` VALUES (1558, '汝州市', '410482', 'area', 1548);
INSERT INTO `region` VALUES (1559, '安阳市', '410500', 'city', 1508);
INSERT INTO `region` VALUES (1560, '文峰区', '410502', 'area', 1559);
INSERT INTO `region` VALUES (1561, '北关区', '410503', 'area', 1559);
INSERT INTO `region` VALUES (1562, '殷都区', '410505', 'area', 1559);
INSERT INTO `region` VALUES (1563, '龙安区', '410506', 'area', 1559);
INSERT INTO `region` VALUES (1564, '安阳县', '410522', 'area', 1559);
INSERT INTO `region` VALUES (1565, '汤阴县', '410523', 'area', 1559);
INSERT INTO `region` VALUES (1566, '滑县', '410526', 'area', 1559);
INSERT INTO `region` VALUES (1567, '内黄县', '410527', 'area', 1559);
INSERT INTO `region` VALUES (1568, '林州市', '410581', 'area', 1559);
INSERT INTO `region` VALUES (1569, '鹤壁市', '410600', 'city', 1508);
INSERT INTO `region` VALUES (1570, '鹤山区', '410602', 'area', 1569);
INSERT INTO `region` VALUES (1571, '山城区', '410603', 'area', 1569);
INSERT INTO `region` VALUES (1572, '淇滨区', '410611', 'area', 1569);
INSERT INTO `region` VALUES (1573, '浚县', '410621', 'area', 1569);
INSERT INTO `region` VALUES (1574, '淇县', '410622', 'area', 1569);
INSERT INTO `region` VALUES (1575, '新乡市', '410700', 'city', 1508);
INSERT INTO `region` VALUES (1576, '红旗区', '410702', 'area', 1575);
INSERT INTO `region` VALUES (1577, '卫滨区', '410703', 'area', 1575);
INSERT INTO `region` VALUES (1578, '凤泉区', '410704', 'area', 1575);
INSERT INTO `region` VALUES (1579, '牧野区', '410711', 'area', 1575);
INSERT INTO `region` VALUES (1580, '新乡县', '410721', 'area', 1575);
INSERT INTO `region` VALUES (1581, '获嘉县', '410724', 'area', 1575);
INSERT INTO `region` VALUES (1582, '原阳县', '410725', 'area', 1575);
INSERT INTO `region` VALUES (1583, '延津县', '410726', 'area', 1575);
INSERT INTO `region` VALUES (1584, '封丘县', '410727', 'area', 1575);
INSERT INTO `region` VALUES (1585, '长垣县', '410728', 'area', 1575);
INSERT INTO `region` VALUES (1586, '卫辉市', '410781', 'area', 1575);
INSERT INTO `region` VALUES (1587, '辉县市', '410782', 'area', 1575);
INSERT INTO `region` VALUES (1588, '焦作市', '410800', 'city', 1508);
INSERT INTO `region` VALUES (1589, '解放区', '410802', 'area', 1588);
INSERT INTO `region` VALUES (1590, '中站区', '410803', 'area', 1588);
INSERT INTO `region` VALUES (1591, '马村区', '410804', 'area', 1588);
INSERT INTO `region` VALUES (1592, '山阳区', '410811', 'area', 1588);
INSERT INTO `region` VALUES (1593, '修武县', '410821', 'area', 1588);
INSERT INTO `region` VALUES (1594, '博爱县', '410822', 'area', 1588);
INSERT INTO `region` VALUES (1595, '武陟县', '410823', 'area', 1588);
INSERT INTO `region` VALUES (1596, '温县', '410825', 'area', 1588);
INSERT INTO `region` VALUES (1597, '沁阳市', '410882', 'area', 1588);
INSERT INTO `region` VALUES (1598, '孟州市', '410883', 'area', 1588);
INSERT INTO `region` VALUES (1599, '濮阳市', '410900', 'city', 1508);
INSERT INTO `region` VALUES (1600, '华龙区', '410902', 'area', 1599);
INSERT INTO `region` VALUES (1601, '清丰县', '410922', 'area', 1599);
INSERT INTO `region` VALUES (1602, '南乐县', '410923', 'area', 1599);
INSERT INTO `region` VALUES (1603, '范县', '410926', 'area', 1599);
INSERT INTO `region` VALUES (1604, '台前县', '410927', 'area', 1599);
INSERT INTO `region` VALUES (1605, '濮阳县', '410928', 'area', 1599);
INSERT INTO `region` VALUES (1606, '许昌市', '411000', 'city', 1508);
INSERT INTO `region` VALUES (1607, '魏都区', '411002', 'area', 1606);
INSERT INTO `region` VALUES (1608, '建安区', '411003', 'area', 1606);
INSERT INTO `region` VALUES (1609, '鄢陵县', '411024', 'area', 1606);
INSERT INTO `region` VALUES (1610, '襄城县', '411025', 'area', 1606);
INSERT INTO `region` VALUES (1611, '禹州市', '411081', 'area', 1606);
INSERT INTO `region` VALUES (1612, '长葛市', '411082', 'area', 1606);
INSERT INTO `region` VALUES (1613, '漯河市', '411100', 'city', 1508);
INSERT INTO `region` VALUES (1614, '源汇区', '411102', 'area', 1613);
INSERT INTO `region` VALUES (1615, '郾城区', '411103', 'area', 1613);
INSERT INTO `region` VALUES (1616, '召陵区', '411104', 'area', 1613);
INSERT INTO `region` VALUES (1617, '舞阳县', '411121', 'area', 1613);
INSERT INTO `region` VALUES (1618, '临颍县', '411122', 'area', 1613);
INSERT INTO `region` VALUES (1619, '三门峡市', '411200', 'city', 1508);
INSERT INTO `region` VALUES (1620, '湖滨区', '411202', 'area', 1619);
INSERT INTO `region` VALUES (1621, '陕州区', '411203', 'area', 1619);
INSERT INTO `region` VALUES (1622, '渑池县', '411221', 'area', 1619);
INSERT INTO `region` VALUES (1623, '卢氏县', '411224', 'area', 1619);
INSERT INTO `region` VALUES (1624, '义马市', '411281', 'area', 1619);
INSERT INTO `region` VALUES (1625, '灵宝市', '411282', 'area', 1619);
INSERT INTO `region` VALUES (1626, '南阳市', '411300', 'city', 1508);
INSERT INTO `region` VALUES (1627, '宛城区', '411302', 'area', 1626);
INSERT INTO `region` VALUES (1628, '卧龙区', '411303', 'area', 1626);
INSERT INTO `region` VALUES (1629, '南召县', '411321', 'area', 1626);
INSERT INTO `region` VALUES (1630, '方城县', '411322', 'area', 1626);
INSERT INTO `region` VALUES (1631, '西峡县', '411323', 'area', 1626);
INSERT INTO `region` VALUES (1632, '镇平县', '411324', 'area', 1626);
INSERT INTO `region` VALUES (1633, '内乡县', '411325', 'area', 1626);
INSERT INTO `region` VALUES (1634, '淅川县', '411326', 'area', 1626);
INSERT INTO `region` VALUES (1635, '社旗县', '411327', 'area', 1626);
INSERT INTO `region` VALUES (1636, '唐河县', '411328', 'area', 1626);
INSERT INTO `region` VALUES (1637, '新野县', '411329', 'area', 1626);
INSERT INTO `region` VALUES (1638, '桐柏县', '411330', 'area', 1626);
INSERT INTO `region` VALUES (1639, '邓州市', '411381', 'area', 1626);
INSERT INTO `region` VALUES (1640, '商丘市', '411400', 'city', 1508);
INSERT INTO `region` VALUES (1641, '梁园区', '411402', 'area', 1640);
INSERT INTO `region` VALUES (1642, '睢阳区', '411403', 'area', 1640);
INSERT INTO `region` VALUES (1643, '民权县', '411421', 'area', 1640);
INSERT INTO `region` VALUES (1644, '睢县', '411422', 'area', 1640);
INSERT INTO `region` VALUES (1645, '宁陵县', '411423', 'area', 1640);
INSERT INTO `region` VALUES (1646, '柘城县', '411424', 'area', 1640);
INSERT INTO `region` VALUES (1647, '虞城县', '411425', 'area', 1640);
INSERT INTO `region` VALUES (1648, '夏邑县', '411426', 'area', 1640);
INSERT INTO `region` VALUES (1649, '永城市', '411481', 'area', 1640);
INSERT INTO `region` VALUES (1650, '信阳市', '411500', 'city', 1508);
INSERT INTO `region` VALUES (1651, '浉河区', '411502', 'area', 1650);
INSERT INTO `region` VALUES (1652, '平桥区', '411503', 'area', 1650);
INSERT INTO `region` VALUES (1653, '罗山县', '411521', 'area', 1650);
INSERT INTO `region` VALUES (1654, '光山县', '411522', 'area', 1650);
INSERT INTO `region` VALUES (1655, '新县', '411523', 'area', 1650);
INSERT INTO `region` VALUES (1656, '商城县', '411524', 'area', 1650);
INSERT INTO `region` VALUES (1657, '固始县', '411525', 'area', 1650);
INSERT INTO `region` VALUES (1658, '潢川县', '411526', 'area', 1650);
INSERT INTO `region` VALUES (1659, '淮滨县', '411527', 'area', 1650);
INSERT INTO `region` VALUES (1660, '息县', '411528', 'area', 1650);
INSERT INTO `region` VALUES (1661, '周口市', '411600', 'city', 1508);
INSERT INTO `region` VALUES (1662, '川汇区', '411602', 'area', 1661);
INSERT INTO `region` VALUES (1663, '扶沟县', '411621', 'area', 1661);
INSERT INTO `region` VALUES (1664, '西华县', '411622', 'area', 1661);
INSERT INTO `region` VALUES (1665, '商水县', '411623', 'area', 1661);
INSERT INTO `region` VALUES (1666, '沈丘县', '411624', 'area', 1661);
INSERT INTO `region` VALUES (1667, '郸城县', '411625', 'area', 1661);
INSERT INTO `region` VALUES (1668, '淮阳县', '411626', 'area', 1661);
INSERT INTO `region` VALUES (1669, '太康县', '411627', 'area', 1661);
INSERT INTO `region` VALUES (1670, '鹿邑县', '411628', 'area', 1661);
INSERT INTO `region` VALUES (1671, '项城市', '411681', 'area', 1661);
INSERT INTO `region` VALUES (1672, '驻马店市', '411700', 'city', 1508);
INSERT INTO `region` VALUES (1673, '驿城区', '411702', 'area', 1672);
INSERT INTO `region` VALUES (1674, '西平县', '411721', 'area', 1672);
INSERT INTO `region` VALUES (1675, '上蔡县', '411722', 'area', 1672);
INSERT INTO `region` VALUES (1676, '平舆县', '411723', 'area', 1672);
INSERT INTO `region` VALUES (1677, '正阳县', '411724', 'area', 1672);
INSERT INTO `region` VALUES (1678, '确山县', '411725', 'area', 1672);
INSERT INTO `region` VALUES (1679, '泌阳县', '411726', 'area', 1672);
INSERT INTO `region` VALUES (1680, '汝南县', '411727', 'area', 1672);
INSERT INTO `region` VALUES (1681, '遂平县', '411728', 'area', 1672);
INSERT INTO `region` VALUES (1682, '新蔡县', '411729', 'area', 1672);
INSERT INTO `region` VALUES (1683, '省直辖县级行政区划', '419000', 'city', 1508);
INSERT INTO `region` VALUES (1684, '济源市', '419001', 'area', 1683);
INSERT INTO `region` VALUES (1685, '湖北省', '420000', 'province', 0);
INSERT INTO `region` VALUES (1686, '武汉市', '420100', 'city', 1685);
INSERT INTO `region` VALUES (1687, '江岸区', '420102', 'area', 1686);
INSERT INTO `region` VALUES (1688, '江汉区', '420103', 'area', 1686);
INSERT INTO `region` VALUES (1689, '硚口区', '420104', 'area', 1686);
INSERT INTO `region` VALUES (1690, '汉阳区', '420105', 'area', 1686);
INSERT INTO `region` VALUES (1691, '武昌区', '420106', 'area', 1686);
INSERT INTO `region` VALUES (1692, '青山区', '420107', 'area', 1686);
INSERT INTO `region` VALUES (1693, '洪山区', '420111', 'area', 1686);
INSERT INTO `region` VALUES (1694, '东西湖区', '420112', 'area', 1686);
INSERT INTO `region` VALUES (1695, '汉南区', '420113', 'area', 1686);
INSERT INTO `region` VALUES (1696, '蔡甸区', '420114', 'area', 1686);
INSERT INTO `region` VALUES (1697, '江夏区', '420115', 'area', 1686);
INSERT INTO `region` VALUES (1698, '黄陂区', '420116', 'area', 1686);
INSERT INTO `region` VALUES (1699, '新洲区', '420117', 'area', 1686);
INSERT INTO `region` VALUES (1700, '黄石市', '420200', 'city', 1685);
INSERT INTO `region` VALUES (1701, '黄石港区', '420202', 'area', 1700);
INSERT INTO `region` VALUES (1702, '西塞山区', '420203', 'area', 1700);
INSERT INTO `region` VALUES (1703, '下陆区', '420204', 'area', 1700);
INSERT INTO `region` VALUES (1704, '铁山区', '420205', 'area', 1700);
INSERT INTO `region` VALUES (1705, '阳新县', '420222', 'area', 1700);
INSERT INTO `region` VALUES (1706, '大冶市', '420281', 'area', 1700);
INSERT INTO `region` VALUES (1707, '十堰市', '420300', 'city', 1685);
INSERT INTO `region` VALUES (1708, '茅箭区', '420302', 'area', 1707);
INSERT INTO `region` VALUES (1709, '张湾区', '420303', 'area', 1707);
INSERT INTO `region` VALUES (1710, '郧阳区', '420304', 'area', 1707);
INSERT INTO `region` VALUES (1711, '郧西县', '420322', 'area', 1707);
INSERT INTO `region` VALUES (1712, '竹山县', '420323', 'area', 1707);
INSERT INTO `region` VALUES (1713, '竹溪县', '420324', 'area', 1707);
INSERT INTO `region` VALUES (1714, '房县', '420325', 'area', 1707);
INSERT INTO `region` VALUES (1715, '丹江口市', '420381', 'area', 1707);
INSERT INTO `region` VALUES (1716, '宜昌市', '420500', 'city', 1685);
INSERT INTO `region` VALUES (1717, '西陵区', '420502', 'area', 1716);
INSERT INTO `region` VALUES (1718, '伍家岗区', '420503', 'area', 1716);
INSERT INTO `region` VALUES (1719, '点军区', '420504', 'area', 1716);
INSERT INTO `region` VALUES (1720, '猇亭区', '420505', 'area', 1716);
INSERT INTO `region` VALUES (1721, '夷陵区', '420506', 'area', 1716);
INSERT INTO `region` VALUES (1722, '远安县', '420525', 'area', 1716);
INSERT INTO `region` VALUES (1723, '兴山县', '420526', 'area', 1716);
INSERT INTO `region` VALUES (1724, '秭归县', '420527', 'area', 1716);
INSERT INTO `region` VALUES (1725, '长阳土家族自治县', '420528', 'area', 1716);
INSERT INTO `region` VALUES (1726, '五峰土家族自治县', '420529', 'area', 1716);
INSERT INTO `region` VALUES (1727, '宜都市', '420581', 'area', 1716);
INSERT INTO `region` VALUES (1728, '当阳市', '420582', 'area', 1716);
INSERT INTO `region` VALUES (1729, '枝江市', '420583', 'area', 1716);
INSERT INTO `region` VALUES (1730, '襄阳市', '420600', 'city', 1685);
INSERT INTO `region` VALUES (1731, '襄城区', '420602', 'area', 1730);
INSERT INTO `region` VALUES (1732, '樊城区', '420606', 'area', 1730);
INSERT INTO `region` VALUES (1733, '襄州区', '420607', 'area', 1730);
INSERT INTO `region` VALUES (1734, '南漳县', '420624', 'area', 1730);
INSERT INTO `region` VALUES (1735, '谷城县', '420625', 'area', 1730);
INSERT INTO `region` VALUES (1736, '保康县', '420626', 'area', 1730);
INSERT INTO `region` VALUES (1737, '老河口市', '420682', 'area', 1730);
INSERT INTO `region` VALUES (1738, '枣阳市', '420683', 'area', 1730);
INSERT INTO `region` VALUES (1739, '宜城市', '420684', 'area', 1730);
INSERT INTO `region` VALUES (1740, '鄂州市', '420700', 'city', 1685);
INSERT INTO `region` VALUES (1741, '梁子湖区', '420702', 'area', 1740);
INSERT INTO `region` VALUES (1742, '华容区', '420703', 'area', 1740);
INSERT INTO `region` VALUES (1743, '鄂城区', '420704', 'area', 1740);
INSERT INTO `region` VALUES (1744, '荆门市', '420800', 'city', 1685);
INSERT INTO `region` VALUES (1745, '东宝区', '420802', 'area', 1744);
INSERT INTO `region` VALUES (1746, '掇刀区', '420804', 'area', 1744);
INSERT INTO `region` VALUES (1747, '京山县', '420821', 'area', 1744);
INSERT INTO `region` VALUES (1748, '沙洋县', '420822', 'area', 1744);
INSERT INTO `region` VALUES (1749, '钟祥市', '420881', 'area', 1744);
INSERT INTO `region` VALUES (1750, '孝感市', '420900', 'city', 1685);
INSERT INTO `region` VALUES (1751, '孝南区', '420902', 'area', 1750);
INSERT INTO `region` VALUES (1752, '孝昌县', '420921', 'area', 1750);
INSERT INTO `region` VALUES (1753, '大悟县', '420922', 'area', 1750);
INSERT INTO `region` VALUES (1754, '云梦县', '420923', 'area', 1750);
INSERT INTO `region` VALUES (1755, '应城市', '420981', 'area', 1750);
INSERT INTO `region` VALUES (1756, '安陆市', '420982', 'area', 1750);
INSERT INTO `region` VALUES (1757, '汉川市', '420984', 'area', 1750);
INSERT INTO `region` VALUES (1758, '荆州市', '421000', 'city', 1685);
INSERT INTO `region` VALUES (1759, '沙市区', '421002', 'area', 1758);
INSERT INTO `region` VALUES (1760, '荆州区', '421003', 'area', 1758);
INSERT INTO `region` VALUES (1761, '公安县', '421022', 'area', 1758);
INSERT INTO `region` VALUES (1762, '监利县', '421023', 'area', 1758);
INSERT INTO `region` VALUES (1763, '江陵县', '421024', 'area', 1758);
INSERT INTO `region` VALUES (1764, '石首市', '421081', 'area', 1758);
INSERT INTO `region` VALUES (1765, '洪湖市', '421083', 'area', 1758);
INSERT INTO `region` VALUES (1766, '松滋市', '421087', 'area', 1758);
INSERT INTO `region` VALUES (1767, '黄冈市', '421100', 'city', 1685);
INSERT INTO `region` VALUES (1768, '黄州区', '421102', 'area', 1767);
INSERT INTO `region` VALUES (1769, '团风县', '421121', 'area', 1767);
INSERT INTO `region` VALUES (1770, '红安县', '421122', 'area', 1767);
INSERT INTO `region` VALUES (1771, '罗田县', '421123', 'area', 1767);
INSERT INTO `region` VALUES (1772, '英山县', '421124', 'area', 1767);
INSERT INTO `region` VALUES (1773, '浠水县', '421125', 'area', 1767);
INSERT INTO `region` VALUES (1774, '蕲春县', '421126', 'area', 1767);
INSERT INTO `region` VALUES (1775, '黄梅县', '421127', 'area', 1767);
INSERT INTO `region` VALUES (1776, '麻城市', '421181', 'area', 1767);
INSERT INTO `region` VALUES (1777, '武穴市', '421182', 'area', 1767);
INSERT INTO `region` VALUES (1778, '咸宁市', '421200', 'city', 1685);
INSERT INTO `region` VALUES (1779, '咸安区', '421202', 'area', 1778);
INSERT INTO `region` VALUES (1780, '嘉鱼县', '421221', 'area', 1778);
INSERT INTO `region` VALUES (1781, '通城县', '421222', 'area', 1778);
INSERT INTO `region` VALUES (1782, '崇阳县', '421223', 'area', 1778);
INSERT INTO `region` VALUES (1783, '通山县', '421224', 'area', 1778);
INSERT INTO `region` VALUES (1784, '赤壁市', '421281', 'area', 1778);
INSERT INTO `region` VALUES (1785, '随州市', '421300', 'city', 1685);
INSERT INTO `region` VALUES (1786, '曾都区', '421303', 'area', 1785);
INSERT INTO `region` VALUES (1787, '随县', '421321', 'area', 1785);
INSERT INTO `region` VALUES (1788, '广水市', '421381', 'area', 1785);
INSERT INTO `region` VALUES (1789, '恩施土家族苗族自治州', '422800', 'city', 1685);
INSERT INTO `region` VALUES (1790, '恩施市', '422801', 'area', 1789);
INSERT INTO `region` VALUES (1791, '利川市', '422802', 'area', 1789);
INSERT INTO `region` VALUES (1792, '建始县', '422822', 'area', 1789);
INSERT INTO `region` VALUES (1793, '巴东县', '422823', 'area', 1789);
INSERT INTO `region` VALUES (1794, '宣恩县', '422825', 'area', 1789);
INSERT INTO `region` VALUES (1795, '咸丰县', '422826', 'area', 1789);
INSERT INTO `region` VALUES (1796, '来凤县', '422827', 'area', 1789);
INSERT INTO `region` VALUES (1797, '鹤峰县', '422828', 'area', 1789);
INSERT INTO `region` VALUES (1798, '省直辖县级行政区划', '429000', 'city', 1685);
INSERT INTO `region` VALUES (1799, '仙桃市', '429004', 'area', 1798);
INSERT INTO `region` VALUES (1800, '潜江市', '429005', 'area', 1798);
INSERT INTO `region` VALUES (1801, '天门市', '429006', 'area', 1798);
INSERT INTO `region` VALUES (1802, '神农架林区', '429021', 'area', 1798);
INSERT INTO `region` VALUES (1803, '湖南省', '430000', 'province', 0);
INSERT INTO `region` VALUES (1804, '长沙市', '430100', 'city', 1803);
INSERT INTO `region` VALUES (1805, '芙蓉区', '430102', 'area', 1804);
INSERT INTO `region` VALUES (1806, '天心区', '430103', 'area', 1804);
INSERT INTO `region` VALUES (1807, '岳麓区', '430104', 'area', 1804);
INSERT INTO `region` VALUES (1808, '开福区', '430105', 'area', 1804);
INSERT INTO `region` VALUES (1809, '雨花区', '430111', 'area', 1804);
INSERT INTO `region` VALUES (1810, '望城区', '430112', 'area', 1804);
INSERT INTO `region` VALUES (1811, '长沙县', '430121', 'area', 1804);
INSERT INTO `region` VALUES (1812, '浏阳市', '430181', 'area', 1804);
INSERT INTO `region` VALUES (1813, '宁乡市', '430182', 'area', 1804);
INSERT INTO `region` VALUES (1814, '株洲市', '430200', 'city', 1803);
INSERT INTO `region` VALUES (1815, '荷塘区', '430202', 'area', 1814);
INSERT INTO `region` VALUES (1816, '芦淞区', '430203', 'area', 1814);
INSERT INTO `region` VALUES (1817, '石峰区', '430204', 'area', 1814);
INSERT INTO `region` VALUES (1818, '天元区', '430211', 'area', 1814);
INSERT INTO `region` VALUES (1819, '株洲县', '430221', 'area', 1814);
INSERT INTO `region` VALUES (1820, '攸县', '430223', 'area', 1814);
INSERT INTO `region` VALUES (1821, '茶陵县', '430224', 'area', 1814);
INSERT INTO `region` VALUES (1822, '炎陵县', '430225', 'area', 1814);
INSERT INTO `region` VALUES (1823, '醴陵市', '430281', 'area', 1814);
INSERT INTO `region` VALUES (1824, '湘潭市', '430300', 'city', 1803);
INSERT INTO `region` VALUES (1825, '雨湖区', '430302', 'area', 1824);
INSERT INTO `region` VALUES (1826, '岳塘区', '430304', 'area', 1824);
INSERT INTO `region` VALUES (1827, '湘潭县', '430321', 'area', 1824);
INSERT INTO `region` VALUES (1828, '湘乡市', '430381', 'area', 1824);
INSERT INTO `region` VALUES (1829, '韶山市', '430382', 'area', 1824);
INSERT INTO `region` VALUES (1830, '衡阳市', '430400', 'city', 1803);
INSERT INTO `region` VALUES (1831, '珠晖区', '430405', 'area', 1830);
INSERT INTO `region` VALUES (1832, '雁峰区', '430406', 'area', 1830);
INSERT INTO `region` VALUES (1833, '石鼓区', '430407', 'area', 1830);
INSERT INTO `region` VALUES (1834, '蒸湘区', '430408', 'area', 1830);
INSERT INTO `region` VALUES (1835, '南岳区', '430412', 'area', 1830);
INSERT INTO `region` VALUES (1836, '衡阳县', '430421', 'area', 1830);
INSERT INTO `region` VALUES (1837, '衡南县', '430422', 'area', 1830);
INSERT INTO `region` VALUES (1838, '衡山县', '430423', 'area', 1830);
INSERT INTO `region` VALUES (1839, '衡东县', '430424', 'area', 1830);
INSERT INTO `region` VALUES (1840, '祁东县', '430426', 'area', 1830);
INSERT INTO `region` VALUES (1841, '耒阳市', '430481', 'area', 1830);
INSERT INTO `region` VALUES (1842, '常宁市', '430482', 'area', 1830);
INSERT INTO `region` VALUES (1843, '邵阳市', '430500', 'city', 1803);
INSERT INTO `region` VALUES (1844, '双清区', '430502', 'area', 1843);
INSERT INTO `region` VALUES (1845, '大祥区', '430503', 'area', 1843);
INSERT INTO `region` VALUES (1846, '北塔区', '430511', 'area', 1843);
INSERT INTO `region` VALUES (1847, '邵东县', '430521', 'area', 1843);
INSERT INTO `region` VALUES (1848, '新邵县', '430522', 'area', 1843);
INSERT INTO `region` VALUES (1849, '邵阳县', '430523', 'area', 1843);
INSERT INTO `region` VALUES (1850, '隆回县', '430524', 'area', 1843);
INSERT INTO `region` VALUES (1851, '洞口县', '430525', 'area', 1843);
INSERT INTO `region` VALUES (1852, '绥宁县', '430527', 'area', 1843);
INSERT INTO `region` VALUES (1853, '新宁县', '430528', 'area', 1843);
INSERT INTO `region` VALUES (1854, '城步苗族自治县', '430529', 'area', 1843);
INSERT INTO `region` VALUES (1855, '武冈市', '430581', 'area', 1843);
INSERT INTO `region` VALUES (1856, '岳阳市', '430600', 'city', 1803);
INSERT INTO `region` VALUES (1857, '岳阳楼区', '430602', 'area', 1856);
INSERT INTO `region` VALUES (1858, '云溪区', '430603', 'area', 1856);
INSERT INTO `region` VALUES (1859, '君山区', '430611', 'area', 1856);
INSERT INTO `region` VALUES (1860, '岳阳县', '430621', 'area', 1856);
INSERT INTO `region` VALUES (1861, '华容县', '430623', 'area', 1856);
INSERT INTO `region` VALUES (1862, '湘阴县', '430624', 'area', 1856);
INSERT INTO `region` VALUES (1863, '平江县', '430626', 'area', 1856);
INSERT INTO `region` VALUES (1864, '汨罗市', '430681', 'area', 1856);
INSERT INTO `region` VALUES (1865, '临湘市', '430682', 'area', 1856);
INSERT INTO `region` VALUES (1866, '常德市', '430700', 'city', 1803);
INSERT INTO `region` VALUES (1867, '武陵区', '430702', 'area', 1866);
INSERT INTO `region` VALUES (1868, '鼎城区', '430703', 'area', 1866);
INSERT INTO `region` VALUES (1869, '安乡县', '430721', 'area', 1866);
INSERT INTO `region` VALUES (1870, '汉寿县', '430722', 'area', 1866);
INSERT INTO `region` VALUES (1871, '澧县', '430723', 'area', 1866);
INSERT INTO `region` VALUES (1872, '临澧县', '430724', 'area', 1866);
INSERT INTO `region` VALUES (1873, '桃源县', '430725', 'area', 1866);
INSERT INTO `region` VALUES (1874, '石门县', '430726', 'area', 1866);
INSERT INTO `region` VALUES (1875, '津市市', '430781', 'area', 1866);
INSERT INTO `region` VALUES (1876, '张家界市', '430800', 'city', 1803);
INSERT INTO `region` VALUES (1877, '永定区', '430802', 'area', 1876);
INSERT INTO `region` VALUES (1878, '武陵源区', '430811', 'area', 1876);
INSERT INTO `region` VALUES (1879, '慈利县', '430821', 'area', 1876);
INSERT INTO `region` VALUES (1880, '桑植县', '430822', 'area', 1876);
INSERT INTO `region` VALUES (1881, '益阳市', '430900', 'city', 1803);
INSERT INTO `region` VALUES (1882, '资阳区', '430902', 'area', 1881);
INSERT INTO `region` VALUES (1883, '赫山区', '430903', 'area', 1881);
INSERT INTO `region` VALUES (1884, '南县', '430921', 'area', 1881);
INSERT INTO `region` VALUES (1885, '桃江县', '430922', 'area', 1881);
INSERT INTO `region` VALUES (1886, '安化县', '430923', 'area', 1881);
INSERT INTO `region` VALUES (1887, '沅江市', '430981', 'area', 1881);
INSERT INTO `region` VALUES (1888, '郴州市', '431000', 'city', 1803);
INSERT INTO `region` VALUES (1889, '北湖区', '431002', 'area', 1888);
INSERT INTO `region` VALUES (1890, '苏仙区', '431003', 'area', 1888);
INSERT INTO `region` VALUES (1891, '桂阳县', '431021', 'area', 1888);
INSERT INTO `region` VALUES (1892, '宜章县', '431022', 'area', 1888);
INSERT INTO `region` VALUES (1893, '永兴县', '431023', 'area', 1888);
INSERT INTO `region` VALUES (1894, '嘉禾县', '431024', 'area', 1888);
INSERT INTO `region` VALUES (1895, '临武县', '431025', 'area', 1888);
INSERT INTO `region` VALUES (1896, '汝城县', '431026', 'area', 1888);
INSERT INTO `region` VALUES (1897, '桂东县', '431027', 'area', 1888);
INSERT INTO `region` VALUES (1898, '安仁县', '431028', 'area', 1888);
INSERT INTO `region` VALUES (1899, '资兴市', '431081', 'area', 1888);
INSERT INTO `region` VALUES (1900, '永州市', '431100', 'city', 1803);
INSERT INTO `region` VALUES (1901, '零陵区', '431102', 'area', 1900);
INSERT INTO `region` VALUES (1902, '冷水滩区', '431103', 'area', 1900);
INSERT INTO `region` VALUES (1903, '祁阳县', '431121', 'area', 1900);
INSERT INTO `region` VALUES (1904, '东安县', '431122', 'area', 1900);
INSERT INTO `region` VALUES (1905, '双牌县', '431123', 'area', 1900);
INSERT INTO `region` VALUES (1906, '道县', '431124', 'area', 1900);
INSERT INTO `region` VALUES (1907, '江永县', '431125', 'area', 1900);
INSERT INTO `region` VALUES (1908, '宁远县', '431126', 'area', 1900);
INSERT INTO `region` VALUES (1909, '蓝山县', '431127', 'area', 1900);
INSERT INTO `region` VALUES (1910, '新田县', '431128', 'area', 1900);
INSERT INTO `region` VALUES (1911, '江华瑶族自治县', '431129', 'area', 1900);
INSERT INTO `region` VALUES (1912, '怀化市', '431200', 'city', 1803);
INSERT INTO `region` VALUES (1913, '鹤城区', '431202', 'area', 1912);
INSERT INTO `region` VALUES (1914, '中方县', '431221', 'area', 1912);
INSERT INTO `region` VALUES (1915, '沅陵县', '431222', 'area', 1912);
INSERT INTO `region` VALUES (1916, '辰溪县', '431223', 'area', 1912);
INSERT INTO `region` VALUES (1917, '溆浦县', '431224', 'area', 1912);
INSERT INTO `region` VALUES (1918, '会同县', '431225', 'area', 1912);
INSERT INTO `region` VALUES (1919, '麻阳苗族自治县', '431226', 'area', 1912);
INSERT INTO `region` VALUES (1920, '新晃侗族自治县', '431227', 'area', 1912);
INSERT INTO `region` VALUES (1921, '芷江侗族自治县', '431228', 'area', 1912);
INSERT INTO `region` VALUES (1922, '靖州苗族侗族自治县', '431229', 'area', 1912);
INSERT INTO `region` VALUES (1923, '通道侗族自治县', '431230', 'area', 1912);
INSERT INTO `region` VALUES (1924, '洪江市', '431281', 'area', 1912);
INSERT INTO `region` VALUES (1925, '娄底市', '431300', 'city', 1803);
INSERT INTO `region` VALUES (1926, '娄星区', '431302', 'area', 1925);
INSERT INTO `region` VALUES (1927, '双峰县', '431321', 'area', 1925);
INSERT INTO `region` VALUES (1928, '新化县', '431322', 'area', 1925);
INSERT INTO `region` VALUES (1929, '冷水江市', '431381', 'area', 1925);
INSERT INTO `region` VALUES (1930, '涟源市', '431382', 'area', 1925);
INSERT INTO `region` VALUES (1931, '湘西土家族苗族自治州', '433100', 'city', 1803);
INSERT INTO `region` VALUES (1932, '吉首市', '433101', 'area', 1931);
INSERT INTO `region` VALUES (1933, '泸溪县', '433122', 'area', 1931);
INSERT INTO `region` VALUES (1934, '凤凰县', '433123', 'area', 1931);
INSERT INTO `region` VALUES (1935, '花垣县', '433124', 'area', 1931);
INSERT INTO `region` VALUES (1936, '保靖县', '433125', 'area', 1931);
INSERT INTO `region` VALUES (1937, '古丈县', '433126', 'area', 1931);
INSERT INTO `region` VALUES (1938, '永顺县', '433127', 'area', 1931);
INSERT INTO `region` VALUES (1939, '龙山县', '433130', 'area', 1931);
INSERT INTO `region` VALUES (1940, '广东省', '440000', 'province', 0);
INSERT INTO `region` VALUES (1941, '广州市', '440100', 'city', 1940);
INSERT INTO `region` VALUES (1942, '荔湾区', '440103', 'area', 1941);
INSERT INTO `region` VALUES (1943, '越秀区', '440104', 'area', 1941);
INSERT INTO `region` VALUES (1944, '海珠区', '440105', 'area', 1941);
INSERT INTO `region` VALUES (1945, '天河区', '440106', 'area', 1941);
INSERT INTO `region` VALUES (1946, '白云区', '440111', 'area', 1941);
INSERT INTO `region` VALUES (1947, '黄埔区', '440112', 'area', 1941);
INSERT INTO `region` VALUES (1948, '番禺区', '440113', 'area', 1941);
INSERT INTO `region` VALUES (1949, '花都区', '440114', 'area', 1941);
INSERT INTO `region` VALUES (1950, '南沙区', '440115', 'area', 1941);
INSERT INTO `region` VALUES (1951, '从化区', '440117', 'area', 1941);
INSERT INTO `region` VALUES (1952, '增城区', '440118', 'area', 1941);
INSERT INTO `region` VALUES (1953, '韶关市', '440200', 'city', 1940);
INSERT INTO `region` VALUES (1954, '武江区', '440203', 'area', 1953);
INSERT INTO `region` VALUES (1955, '浈江区', '440204', 'area', 1953);
INSERT INTO `region` VALUES (1956, '曲江区', '440205', 'area', 1953);
INSERT INTO `region` VALUES (1957, '始兴县', '440222', 'area', 1953);
INSERT INTO `region` VALUES (1958, '仁化县', '440224', 'area', 1953);
INSERT INTO `region` VALUES (1959, '翁源县', '440229', 'area', 1953);
INSERT INTO `region` VALUES (1960, '乳源瑶族自治县', '440232', 'area', 1953);
INSERT INTO `region` VALUES (1961, '新丰县', '440233', 'area', 1953);
INSERT INTO `region` VALUES (1962, '乐昌市', '440281', 'area', 1953);
INSERT INTO `region` VALUES (1963, '南雄市', '440282', 'area', 1953);
INSERT INTO `region` VALUES (1964, '深圳市', '440300', 'city', 1940);
INSERT INTO `region` VALUES (1965, '罗湖区', '440303', 'area', 1964);
INSERT INTO `region` VALUES (1966, '福田区', '440304', 'area', 1964);
INSERT INTO `region` VALUES (1967, '南山区', '440305', 'area', 1964);
INSERT INTO `region` VALUES (1968, '宝安区', '440306', 'area', 1964);
INSERT INTO `region` VALUES (1969, '龙岗区', '440307', 'area', 1964);
INSERT INTO `region` VALUES (1970, '盐田区', '440308', 'area', 1964);
INSERT INTO `region` VALUES (1971, '龙华区', '440309', 'area', 1964);
INSERT INTO `region` VALUES (1972, '坪山区', '440310', 'area', 1964);
INSERT INTO `region` VALUES (1973, '珠海市', '440400', 'city', 1940);
INSERT INTO `region` VALUES (1974, '香洲区', '440402', 'area', 1973);
INSERT INTO `region` VALUES (1975, '斗门区', '440403', 'area', 1973);
INSERT INTO `region` VALUES (1976, '金湾区', '440404', 'area', 1973);
INSERT INTO `region` VALUES (1977, '汕头市', '440500', 'city', 1940);
INSERT INTO `region` VALUES (1978, '龙湖区', '440507', 'area', 1977);
INSERT INTO `region` VALUES (1979, '金平区', '440511', 'area', 1977);
INSERT INTO `region` VALUES (1980, '濠江区', '440512', 'area', 1977);
INSERT INTO `region` VALUES (1981, '潮阳区', '440513', 'area', 1977);
INSERT INTO `region` VALUES (1982, '潮南区', '440514', 'area', 1977);
INSERT INTO `region` VALUES (1983, '澄海区', '440515', 'area', 1977);
INSERT INTO `region` VALUES (1984, '南澳县', '440523', 'area', 1977);
INSERT INTO `region` VALUES (1985, '佛山市', '440600', 'city', 1940);
INSERT INTO `region` VALUES (1986, '禅城区', '440604', 'area', 1985);
INSERT INTO `region` VALUES (1987, '南海区', '440605', 'area', 1985);
INSERT INTO `region` VALUES (1988, '顺德区', '440606', 'area', 1985);
INSERT INTO `region` VALUES (1989, '三水区', '440607', 'area', 1985);
INSERT INTO `region` VALUES (1990, '高明区', '440608', 'area', 1985);
INSERT INTO `region` VALUES (1991, '江门市', '440700', 'city', 1940);
INSERT INTO `region` VALUES (1992, '蓬江区', '440703', 'area', 1991);
INSERT INTO `region` VALUES (1993, '江海区', '440704', 'area', 1991);
INSERT INTO `region` VALUES (1994, '新会区', '440705', 'area', 1991);
INSERT INTO `region` VALUES (1995, '台山市', '440781', 'area', 1991);
INSERT INTO `region` VALUES (1996, '开平市', '440783', 'area', 1991);
INSERT INTO `region` VALUES (1997, '鹤山市', '440784', 'area', 1991);
INSERT INTO `region` VALUES (1998, '恩平市', '440785', 'area', 1991);
INSERT INTO `region` VALUES (1999, '湛江市', '440800', 'city', 1940);
INSERT INTO `region` VALUES (2000, '赤坎区', '440802', 'area', 1999);
INSERT INTO `region` VALUES (2001, '霞山区', '440803', 'area', 1999);
INSERT INTO `region` VALUES (2002, '坡头区', '440804', 'area', 1999);
INSERT INTO `region` VALUES (2003, '麻章区', '440811', 'area', 1999);
INSERT INTO `region` VALUES (2004, '遂溪县', '440823', 'area', 1999);
INSERT INTO `region` VALUES (2005, '徐闻县', '440825', 'area', 1999);
INSERT INTO `region` VALUES (2006, '廉江市', '440881', 'area', 1999);
INSERT INTO `region` VALUES (2007, '雷州市', '440882', 'area', 1999);
INSERT INTO `region` VALUES (2008, '吴川市', '440883', 'area', 1999);
INSERT INTO `region` VALUES (2009, '茂名市', '440900', 'city', 1940);
INSERT INTO `region` VALUES (2010, '茂南区', '440902', 'area', 2009);
INSERT INTO `region` VALUES (2011, '电白区', '440904', 'area', 2009);
INSERT INTO `region` VALUES (2012, '高州市', '440981', 'area', 2009);
INSERT INTO `region` VALUES (2013, '化州市', '440982', 'area', 2009);
INSERT INTO `region` VALUES (2014, '信宜市', '440983', 'area', 2009);
INSERT INTO `region` VALUES (2015, '肇庆市', '441200', 'city', 1940);
INSERT INTO `region` VALUES (2016, '端州区', '441202', 'area', 2015);
INSERT INTO `region` VALUES (2017, '鼎湖区', '441203', 'area', 2015);
INSERT INTO `region` VALUES (2018, '高要区', '441204', 'area', 2015);
INSERT INTO `region` VALUES (2019, '广宁县', '441223', 'area', 2015);
INSERT INTO `region` VALUES (2020, '怀集县', '441224', 'area', 2015);
INSERT INTO `region` VALUES (2021, '封开县', '441225', 'area', 2015);
INSERT INTO `region` VALUES (2022, '德庆县', '441226', 'area', 2015);
INSERT INTO `region` VALUES (2023, '四会市', '441284', 'area', 2015);
INSERT INTO `region` VALUES (2024, '惠州市', '441300', 'city', 1940);
INSERT INTO `region` VALUES (2025, '惠城区', '441302', 'area', 2024);
INSERT INTO `region` VALUES (2026, '惠阳区', '441303', 'area', 2024);
INSERT INTO `region` VALUES (2027, '博罗县', '441322', 'area', 2024);
INSERT INTO `region` VALUES (2028, '惠东县', '441323', 'area', 2024);
INSERT INTO `region` VALUES (2029, '龙门县', '441324', 'area', 2024);
INSERT INTO `region` VALUES (2030, '梅州市', '441400', 'city', 1940);
INSERT INTO `region` VALUES (2031, '梅江区', '441402', 'area', 2030);
INSERT INTO `region` VALUES (2032, '梅县区', '441403', 'area', 2030);
INSERT INTO `region` VALUES (2033, '大埔县', '441422', 'area', 2030);
INSERT INTO `region` VALUES (2034, '丰顺县', '441423', 'area', 2030);
INSERT INTO `region` VALUES (2035, '五华县', '441424', 'area', 2030);
INSERT INTO `region` VALUES (2036, '平远县', '441426', 'area', 2030);
INSERT INTO `region` VALUES (2037, '蕉岭县', '441427', 'area', 2030);
INSERT INTO `region` VALUES (2038, '兴宁市', '441481', 'area', 2030);
INSERT INTO `region` VALUES (2039, '汕尾市', '441500', 'city', 1940);
INSERT INTO `region` VALUES (2040, '城区', '441502', 'area', 2039);
INSERT INTO `region` VALUES (2041, '海丰县', '441521', 'area', 2039);
INSERT INTO `region` VALUES (2042, '陆河县', '441523', 'area', 2039);
INSERT INTO `region` VALUES (2043, '陆丰市', '441581', 'area', 2039);
INSERT INTO `region` VALUES (2044, '河源市', '441600', 'city', 1940);
INSERT INTO `region` VALUES (2045, '源城区', '441602', 'area', 2044);
INSERT INTO `region` VALUES (2046, '紫金县', '441621', 'area', 2044);
INSERT INTO `region` VALUES (2047, '龙川县', '441622', 'area', 2044);
INSERT INTO `region` VALUES (2048, '连平县', '441623', 'area', 2044);
INSERT INTO `region` VALUES (2049, '和平县', '441624', 'area', 2044);
INSERT INTO `region` VALUES (2050, '东源县', '441625', 'area', 2044);
INSERT INTO `region` VALUES (2051, '阳江市', '441700', 'city', 1940);
INSERT INTO `region` VALUES (2052, '江城区', '441702', 'area', 2051);
INSERT INTO `region` VALUES (2053, '阳东区', '441704', 'area', 2051);
INSERT INTO `region` VALUES (2054, '阳西县', '441721', 'area', 2051);
INSERT INTO `region` VALUES (2055, '阳春市', '441781', 'area', 2051);
INSERT INTO `region` VALUES (2056, '清远市', '441800', 'city', 1940);
INSERT INTO `region` VALUES (2057, '清城区', '441802', 'area', 2056);
INSERT INTO `region` VALUES (2058, '清新区', '441803', 'area', 2056);
INSERT INTO `region` VALUES (2059, '佛冈县', '441821', 'area', 2056);
INSERT INTO `region` VALUES (2060, '阳山县', '441823', 'area', 2056);
INSERT INTO `region` VALUES (2061, '连山壮族瑶族自治县', '441825', 'area', 2056);
INSERT INTO `region` VALUES (2062, '连南瑶族自治县', '441826', 'area', 2056);
INSERT INTO `region` VALUES (2063, '英德市', '441881', 'area', 2056);
INSERT INTO `region` VALUES (2064, '连州市', '441882', 'area', 2056);
INSERT INTO `region` VALUES (2065, '东莞市', '441900', 'city', 1940);
INSERT INTO `region` VALUES (2066, '东城街道', '441901', 'area', 2065);
INSERT INTO `region` VALUES (2067, '南城街道', '441902', 'area', 2065);
INSERT INTO `region` VALUES (2068, '万江街道', '441903', 'area', 2065);
INSERT INTO `region` VALUES (2069, '莞城街道', '441904', 'area', 2065);
INSERT INTO `region` VALUES (2070, '石碣镇', '441905', 'area', 2065);
INSERT INTO `region` VALUES (2071, '石龙镇', '441906', 'area', 2065);
INSERT INTO `region` VALUES (2072, '茶山镇', '441907', 'area', 2065);
INSERT INTO `region` VALUES (2073, '石排镇', '441908', 'area', 2065);
INSERT INTO `region` VALUES (2074, '企石镇', '441909', 'area', 2065);
INSERT INTO `region` VALUES (2075, '横沥镇', '441910', 'area', 2065);
INSERT INTO `region` VALUES (2076, '桥头镇', '441911', 'area', 2065);
INSERT INTO `region` VALUES (2077, '谢岗镇', '441912', 'area', 2065);
INSERT INTO `region` VALUES (2078, '东坑镇', '441913', 'area', 2065);
INSERT INTO `region` VALUES (2079, '常平镇', '441914', 'area', 2065);
INSERT INTO `region` VALUES (2080, '寮步镇', '441915', 'area', 2065);
INSERT INTO `region` VALUES (2081, '樟木头镇', '441916', 'area', 2065);
INSERT INTO `region` VALUES (2082, '大朗镇', '441917', 'area', 2065);
INSERT INTO `region` VALUES (2083, '黄江镇', '441918', 'area', 2065);
INSERT INTO `region` VALUES (2084, '清溪镇', '441919', 'area', 2065);
INSERT INTO `region` VALUES (2085, '塘厦镇', '441920', 'area', 2065);
INSERT INTO `region` VALUES (2086, '凤岗镇', '441921', 'area', 2065);
INSERT INTO `region` VALUES (2087, '大岭山镇', '441922', 'area', 2065);
INSERT INTO `region` VALUES (2088, '长安镇', '441923', 'area', 2065);
INSERT INTO `region` VALUES (2089, '虎门镇', '441924', 'area', 2065);
INSERT INTO `region` VALUES (2090, '厚街镇', '441925', 'area', 2065);
INSERT INTO `region` VALUES (2091, '沙田镇', '441926', 'area', 2065);
INSERT INTO `region` VALUES (2092, '道滘镇', '441927', 'area', 2065);
INSERT INTO `region` VALUES (2093, '洪梅镇', '441928', 'area', 2065);
INSERT INTO `region` VALUES (2094, '麻涌镇', '441929', 'area', 2065);
INSERT INTO `region` VALUES (2095, '望牛墩镇', '441930', 'area', 2065);
INSERT INTO `region` VALUES (2096, '中堂镇', '441931', 'area', 2065);
INSERT INTO `region` VALUES (2097, '高埗镇', '441932', 'area', 2065);
INSERT INTO `region` VALUES (2098, '松山湖管委会', '441933', 'area', 2065);
INSERT INTO `region` VALUES (2099, '虎门港管委会', '441934', 'area', 2065);
INSERT INTO `region` VALUES (2100, '东莞生态园', '441935', 'area', 2065);
INSERT INTO `region` VALUES (2101, '中山市', '442000', 'city', 1940);
INSERT INTO `region` VALUES (2102, '石岐区街道', '442001', 'area', 2101);
INSERT INTO `region` VALUES (2103, '东区街道', '442002', 'area', 2101);
INSERT INTO `region` VALUES (2104, '火炬开发区', '442003', 'area', 2101);
INSERT INTO `region` VALUES (2105, '西区街道', '442004', 'area', 2101);
INSERT INTO `region` VALUES (2106, '南区街道', '442005', 'area', 2101);
INSERT INTO `region` VALUES (2107, '五桂山街道', '442006', 'area', 2101);
INSERT INTO `region` VALUES (2108, '小榄镇', '442007', 'area', 2101);
INSERT INTO `region` VALUES (2109, '黄圃镇', '442008', 'area', 2101);
INSERT INTO `region` VALUES (2110, '民众镇', '442009', 'area', 2101);
INSERT INTO `region` VALUES (2111, '东凤镇', '442010', 'area', 2101);
INSERT INTO `region` VALUES (2112, '东升镇', '442011', 'area', 2101);
INSERT INTO `region` VALUES (2113, '古镇镇', '442012', 'area', 2101);
INSERT INTO `region` VALUES (2114, '沙溪镇', '442013', 'area', 2101);
INSERT INTO `region` VALUES (2115, '坦洲镇', '442014', 'area', 2101);
INSERT INTO `region` VALUES (2116, '港口镇', '442015', 'area', 2101);
INSERT INTO `region` VALUES (2117, '三角镇', '442016', 'area', 2101);
INSERT INTO `region` VALUES (2118, '横栏镇', '442017', 'area', 2101);
INSERT INTO `region` VALUES (2119, '南头镇', '442018', 'area', 2101);
INSERT INTO `region` VALUES (2120, '阜沙镇', '442019', 'area', 2101);
INSERT INTO `region` VALUES (2121, '南朗镇', '442020', 'area', 2101);
INSERT INTO `region` VALUES (2122, '三乡镇', '442021', 'area', 2101);
INSERT INTO `region` VALUES (2123, '板芙镇', '442022', 'area', 2101);
INSERT INTO `region` VALUES (2124, '大涌镇', '442023', 'area', 2101);
INSERT INTO `region` VALUES (2125, '神湾镇', '442024', 'area', 2101);
INSERT INTO `region` VALUES (2126, '潮州市', '445100', 'city', 1940);
INSERT INTO `region` VALUES (2127, '湘桥区', '445102', 'area', 2126);
INSERT INTO `region` VALUES (2128, '潮安区', '445103', 'area', 2126);
INSERT INTO `region` VALUES (2129, '饶平县', '445122', 'area', 2126);
INSERT INTO `region` VALUES (2130, '揭阳市', '445200', 'city', 1940);
INSERT INTO `region` VALUES (2131, '榕城区', '445202', 'area', 2130);
INSERT INTO `region` VALUES (2132, '揭东区', '445203', 'area', 2130);
INSERT INTO `region` VALUES (2133, '揭西县', '445222', 'area', 2130);
INSERT INTO `region` VALUES (2134, '惠来县', '445224', 'area', 2130);
INSERT INTO `region` VALUES (2135, '普宁市', '445281', 'area', 2130);
INSERT INTO `region` VALUES (2136, '云浮市', '445300', 'city', 1940);
INSERT INTO `region` VALUES (2137, '云城区', '445302', 'area', 2136);
INSERT INTO `region` VALUES (2138, '云安区', '445303', 'area', 2136);
INSERT INTO `region` VALUES (2139, '新兴县', '445321', 'area', 2136);
INSERT INTO `region` VALUES (2140, '郁南县', '445322', 'area', 2136);
INSERT INTO `region` VALUES (2141, '罗定市', '445381', 'area', 2136);
INSERT INTO `region` VALUES (2142, '广西壮族自治区', '450000', 'province', 0);
INSERT INTO `region` VALUES (2143, '南宁市', '450100', 'city', 2142);
INSERT INTO `region` VALUES (2144, '兴宁区', '450102', 'area', 2143);
INSERT INTO `region` VALUES (2145, '青秀区', '450103', 'area', 2143);
INSERT INTO `region` VALUES (2146, '江南区', '450105', 'area', 2143);
INSERT INTO `region` VALUES (2147, '西乡塘区', '450107', 'area', 2143);
INSERT INTO `region` VALUES (2148, '良庆区', '450108', 'area', 2143);
INSERT INTO `region` VALUES (2149, '邕宁区', '450109', 'area', 2143);
INSERT INTO `region` VALUES (2150, '武鸣区', '450110', 'area', 2143);
INSERT INTO `region` VALUES (2151, '隆安县', '450123', 'area', 2143);
INSERT INTO `region` VALUES (2152, '马山县', '450124', 'area', 2143);
INSERT INTO `region` VALUES (2153, '上林县', '450125', 'area', 2143);
INSERT INTO `region` VALUES (2154, '宾阳县', '450126', 'area', 2143);
INSERT INTO `region` VALUES (2155, '横县', '450127', 'area', 2143);
INSERT INTO `region` VALUES (2156, '柳州市', '450200', 'city', 2142);
INSERT INTO `region` VALUES (2157, '城中区', '450202', 'area', 2156);
INSERT INTO `region` VALUES (2158, '鱼峰区', '450203', 'area', 2156);
INSERT INTO `region` VALUES (2159, '柳南区', '450204', 'area', 2156);
INSERT INTO `region` VALUES (2160, '柳北区', '450205', 'area', 2156);
INSERT INTO `region` VALUES (2161, '柳江区', '450206', 'area', 2156);
INSERT INTO `region` VALUES (2162, '柳城县', '450222', 'area', 2156);
INSERT INTO `region` VALUES (2163, '鹿寨县', '450223', 'area', 2156);
INSERT INTO `region` VALUES (2164, '融安县', '450224', 'area', 2156);
INSERT INTO `region` VALUES (2165, '融水苗族自治县', '450225', 'area', 2156);
INSERT INTO `region` VALUES (2166, '三江侗族自治县', '450226', 'area', 2156);
INSERT INTO `region` VALUES (2167, '桂林市', '450300', 'city', 2142);
INSERT INTO `region` VALUES (2168, '秀峰区', '450302', 'area', 2167);
INSERT INTO `region` VALUES (2169, '叠彩区', '450303', 'area', 2167);
INSERT INTO `region` VALUES (2170, '象山区', '450304', 'area', 2167);
INSERT INTO `region` VALUES (2171, '七星区', '450305', 'area', 2167);
INSERT INTO `region` VALUES (2172, '雁山区', '450311', 'area', 2167);
INSERT INTO `region` VALUES (2173, '临桂区', '450312', 'area', 2167);
INSERT INTO `region` VALUES (2174, '阳朔县', '450321', 'area', 2167);
INSERT INTO `region` VALUES (2175, '灵川县', '450323', 'area', 2167);
INSERT INTO `region` VALUES (2176, '全州县', '450324', 'area', 2167);
INSERT INTO `region` VALUES (2177, '兴安县', '450325', 'area', 2167);
INSERT INTO `region` VALUES (2178, '永福县', '450326', 'area', 2167);
INSERT INTO `region` VALUES (2179, '灌阳县', '450327', 'area', 2167);
INSERT INTO `region` VALUES (2180, '龙胜各族自治县', '450328', 'area', 2167);
INSERT INTO `region` VALUES (2181, '资源县', '450329', 'area', 2167);
INSERT INTO `region` VALUES (2182, '平乐县', '450330', 'area', 2167);
INSERT INTO `region` VALUES (2183, '荔浦县', '450331', 'area', 2167);
INSERT INTO `region` VALUES (2184, '恭城瑶族自治县', '450332', 'area', 2167);
INSERT INTO `region` VALUES (2185, '梧州市', '450400', 'city', 2142);
INSERT INTO `region` VALUES (2186, '万秀区', '450403', 'area', 2185);
INSERT INTO `region` VALUES (2187, '长洲区', '450405', 'area', 2185);
INSERT INTO `region` VALUES (2188, '龙圩区', '450406', 'area', 2185);
INSERT INTO `region` VALUES (2189, '苍梧县', '450421', 'area', 2185);
INSERT INTO `region` VALUES (2190, '藤县', '450422', 'area', 2185);
INSERT INTO `region` VALUES (2191, '蒙山县', '450423', 'area', 2185);
INSERT INTO `region` VALUES (2192, '岑溪市', '450481', 'area', 2185);
INSERT INTO `region` VALUES (2193, '北海市', '450500', 'city', 2142);
INSERT INTO `region` VALUES (2194, '海城区', '450502', 'area', 2193);
INSERT INTO `region` VALUES (2195, '银海区', '450503', 'area', 2193);
INSERT INTO `region` VALUES (2196, '铁山港区', '450512', 'area', 2193);
INSERT INTO `region` VALUES (2197, '合浦县', '450521', 'area', 2193);
INSERT INTO `region` VALUES (2198, '防城港市', '450600', 'city', 2142);
INSERT INTO `region` VALUES (2199, '港口区', '450602', 'area', 2198);
INSERT INTO `region` VALUES (2200, '防城区', '450603', 'area', 2198);
INSERT INTO `region` VALUES (2201, '上思县', '450621', 'area', 2198);
INSERT INTO `region` VALUES (2202, '东兴市', '450681', 'area', 2198);
INSERT INTO `region` VALUES (2203, '钦州市', '450700', 'city', 2142);
INSERT INTO `region` VALUES (2204, '钦南区', '450702', 'area', 2203);
INSERT INTO `region` VALUES (2205, '钦北区', '450703', 'area', 2203);
INSERT INTO `region` VALUES (2206, '灵山县', '450721', 'area', 2203);
INSERT INTO `region` VALUES (2207, '浦北县', '450722', 'area', 2203);
INSERT INTO `region` VALUES (2208, '贵港市', '450800', 'city', 2142);
INSERT INTO `region` VALUES (2209, '港北区', '450802', 'area', 2208);
INSERT INTO `region` VALUES (2210, '港南区', '450803', 'area', 2208);
INSERT INTO `region` VALUES (2211, '覃塘区', '450804', 'area', 2208);
INSERT INTO `region` VALUES (2212, '平南县', '450821', 'area', 2208);
INSERT INTO `region` VALUES (2213, '桂平市', '450881', 'area', 2208);
INSERT INTO `region` VALUES (2214, '玉林市', '450900', 'city', 2142);
INSERT INTO `region` VALUES (2215, '玉州区', '450902', 'area', 2214);
INSERT INTO `region` VALUES (2216, '福绵区', '450903', 'area', 2214);
INSERT INTO `region` VALUES (2217, '容县', '450921', 'area', 2214);
INSERT INTO `region` VALUES (2218, '陆川县', '450922', 'area', 2214);
INSERT INTO `region` VALUES (2219, '博白县', '450923', 'area', 2214);
INSERT INTO `region` VALUES (2220, '兴业县', '450924', 'area', 2214);
INSERT INTO `region` VALUES (2221, '北流市', '450981', 'area', 2214);
INSERT INTO `region` VALUES (2222, '百色市', '451000', 'city', 2142);
INSERT INTO `region` VALUES (2223, '右江区', '451002', 'area', 2222);
INSERT INTO `region` VALUES (2224, '田阳县', '451021', 'area', 2222);
INSERT INTO `region` VALUES (2225, '田东县', '451022', 'area', 2222);
INSERT INTO `region` VALUES (2226, '平果县', '451023', 'area', 2222);
INSERT INTO `region` VALUES (2227, '德保县', '451024', 'area', 2222);
INSERT INTO `region` VALUES (2228, '那坡县', '451026', 'area', 2222);
INSERT INTO `region` VALUES (2229, '凌云县', '451027', 'area', 2222);
INSERT INTO `region` VALUES (2230, '乐业县', '451028', 'area', 2222);
INSERT INTO `region` VALUES (2231, '田林县', '451029', 'area', 2222);
INSERT INTO `region` VALUES (2232, '西林县', '451030', 'area', 2222);
INSERT INTO `region` VALUES (2233, '隆林各族自治县', '451031', 'area', 2222);
INSERT INTO `region` VALUES (2234, '靖西市', '451081', 'area', 2222);
INSERT INTO `region` VALUES (2235, '贺州市', '451100', 'city', 2142);
INSERT INTO `region` VALUES (2236, '八步区', '451102', 'area', 2235);
INSERT INTO `region` VALUES (2237, '平桂区', '451103', 'area', 2235);
INSERT INTO `region` VALUES (2238, '昭平县', '451121', 'area', 2235);
INSERT INTO `region` VALUES (2239, '钟山县', '451122', 'area', 2235);
INSERT INTO `region` VALUES (2240, '富川瑶族自治县', '451123', 'area', 2235);
INSERT INTO `region` VALUES (2241, '河池市', '451200', 'city', 2142);
INSERT INTO `region` VALUES (2242, '金城江区', '451202', 'area', 2241);
INSERT INTO `region` VALUES (2243, '宜州区', '451203', 'area', 2241);
INSERT INTO `region` VALUES (2244, '南丹县', '451221', 'area', 2241);
INSERT INTO `region` VALUES (2245, '天峨县', '451222', 'area', 2241);
INSERT INTO `region` VALUES (2246, '凤山县', '451223', 'area', 2241);
INSERT INTO `region` VALUES (2247, '东兰县', '451224', 'area', 2241);
INSERT INTO `region` VALUES (2248, '罗城仫佬族自治县', '451225', 'area', 2241);
INSERT INTO `region` VALUES (2249, '环江毛南族自治县', '451226', 'area', 2241);
INSERT INTO `region` VALUES (2250, '巴马瑶族自治县', '451227', 'area', 2241);
INSERT INTO `region` VALUES (2251, '都安瑶族自治县', '451228', 'area', 2241);
INSERT INTO `region` VALUES (2252, '大化瑶族自治县', '451229', 'area', 2241);
INSERT INTO `region` VALUES (2253, '来宾市', '451300', 'city', 2142);
INSERT INTO `region` VALUES (2254, '兴宾区', '451302', 'area', 2253);
INSERT INTO `region` VALUES (2255, '忻城县', '451321', 'area', 2253);
INSERT INTO `region` VALUES (2256, '象州县', '451322', 'area', 2253);
INSERT INTO `region` VALUES (2257, '武宣县', '451323', 'area', 2253);
INSERT INTO `region` VALUES (2258, '金秀瑶族自治县', '451324', 'area', 2253);
INSERT INTO `region` VALUES (2259, '合山市', '451381', 'area', 2253);
INSERT INTO `region` VALUES (2260, '崇左市', '451400', 'city', 2142);
INSERT INTO `region` VALUES (2261, '江州区', '451402', 'area', 2260);
INSERT INTO `region` VALUES (2262, '扶绥县', '451421', 'area', 2260);
INSERT INTO `region` VALUES (2263, '宁明县', '451422', 'area', 2260);
INSERT INTO `region` VALUES (2264, '龙州县', '451423', 'area', 2260);
INSERT INTO `region` VALUES (2265, '大新县', '451424', 'area', 2260);
INSERT INTO `region` VALUES (2266, '天等县', '451425', 'area', 2260);
INSERT INTO `region` VALUES (2267, '凭祥市', '451481', 'area', 2260);
INSERT INTO `region` VALUES (2268, '海南省', '460000', 'province', 0);
INSERT INTO `region` VALUES (2269, '海口市', '460100', 'city', 2268);
INSERT INTO `region` VALUES (2270, '秀英区', '460105', 'area', 2269);
INSERT INTO `region` VALUES (2271, '龙华区', '460106', 'area', 2269);
INSERT INTO `region` VALUES (2272, '琼山区', '460107', 'area', 2269);
INSERT INTO `region` VALUES (2273, '美兰区', '460108', 'area', 2269);
INSERT INTO `region` VALUES (2274, '三亚市', '460200', 'city', 2268);
INSERT INTO `region` VALUES (2275, '海棠区', '460202', 'area', 2274);
INSERT INTO `region` VALUES (2276, '吉阳区', '460203', 'area', 2274);
INSERT INTO `region` VALUES (2277, '天涯区', '460204', 'area', 2274);
INSERT INTO `region` VALUES (2278, '崖州区', '460205', 'area', 2274);
INSERT INTO `region` VALUES (2279, '三沙市', '460300', 'city', 2268);
INSERT INTO `region` VALUES (2280, '西沙群岛', '460321', 'area', 2279);
INSERT INTO `region` VALUES (2281, '南沙群岛', '460322', 'area', 2279);
INSERT INTO `region` VALUES (2282, '中沙群岛的岛礁及其海域', '460323', 'area', 2279);
INSERT INTO `region` VALUES (2283, '儋州市', '460400', 'city', 2268);
INSERT INTO `region` VALUES (2284, '那大镇', '460401', 'area', 2283);
INSERT INTO `region` VALUES (2285, '和庆镇', '460402', 'area', 2283);
INSERT INTO `region` VALUES (2286, '南丰镇', '460403', 'area', 2283);
INSERT INTO `region` VALUES (2287, '大成镇', '460404', 'area', 2283);
INSERT INTO `region` VALUES (2288, '雅星镇', '460405', 'area', 2283);
INSERT INTO `region` VALUES (2289, '兰洋镇', '460406', 'area', 2283);
INSERT INTO `region` VALUES (2290, '光村镇', '460407', 'area', 2283);
INSERT INTO `region` VALUES (2291, '木棠镇', '460408', 'area', 2283);
INSERT INTO `region` VALUES (2292, '海头镇', '460409', 'area', 2283);
INSERT INTO `region` VALUES (2293, '峨蔓镇', '460410', 'area', 2283);
INSERT INTO `region` VALUES (2294, '三都镇', '460411', 'area', 2283);
INSERT INTO `region` VALUES (2295, '王五镇', '460412', 'area', 2283);
INSERT INTO `region` VALUES (2296, '白马井镇', '460413', 'area', 2283);
INSERT INTO `region` VALUES (2297, '中和镇', '460414', 'area', 2283);
INSERT INTO `region` VALUES (2298, '排浦镇', '460415', 'area', 2283);
INSERT INTO `region` VALUES (2299, '东成镇', '460416', 'area', 2283);
INSERT INTO `region` VALUES (2300, '新州镇', '460417', 'area', 2283);
INSERT INTO `region` VALUES (2301, '国营西培农场', '460418', 'area', 2283);
INSERT INTO `region` VALUES (2302, '国营西联农场', '460419', 'area', 2283);
INSERT INTO `region` VALUES (2303, '国营蓝洋农场', '460420', 'area', 2283);
INSERT INTO `region` VALUES (2304, '国营八一农场', '460421', 'area', 2283);
INSERT INTO `region` VALUES (2305, '洋浦经济开发区', '460422', 'area', 2283);
INSERT INTO `region` VALUES (2306, '华南热作学院', '460423', 'area', 2283);
INSERT INTO `region` VALUES (2307, '红岭农场', '460424', 'area', 2283);
INSERT INTO `region` VALUES (2308, '省直辖县级行政区划', '469000', 'city', 2268);
INSERT INTO `region` VALUES (2309, '五指山市', '469001', 'area', 2308);
INSERT INTO `region` VALUES (2310, '琼海市', '469002', 'area', 2308);
INSERT INTO `region` VALUES (2311, '文昌市', '469005', 'area', 2308);
INSERT INTO `region` VALUES (2312, '万宁市', '469006', 'area', 2308);
INSERT INTO `region` VALUES (2313, '东方市', '469007', 'area', 2308);
INSERT INTO `region` VALUES (2314, '定安县', '469021', 'area', 2308);
INSERT INTO `region` VALUES (2315, '屯昌县', '469022', 'area', 2308);
INSERT INTO `region` VALUES (2316, '澄迈县', '469023', 'area', 2308);
INSERT INTO `region` VALUES (2317, '临高县', '469024', 'area', 2308);
INSERT INTO `region` VALUES (2318, '白沙黎族自治县', '469025', 'area', 2308);
INSERT INTO `region` VALUES (2319, '昌江黎族自治县', '469026', 'area', 2308);
INSERT INTO `region` VALUES (2320, '乐东黎族自治县', '469027', 'area', 2308);
INSERT INTO `region` VALUES (2321, '陵水黎族自治县', '469028', 'area', 2308);
INSERT INTO `region` VALUES (2322, '保亭黎族苗族自治县', '469029', 'area', 2308);
INSERT INTO `region` VALUES (2323, '琼中黎族苗族自治县', '469030', 'area', 2308);
INSERT INTO `region` VALUES (2324, '重庆市', '500000', 'province', 0);
INSERT INTO `region` VALUES (2325, '重庆市', '500100', 'city', 2324);
INSERT INTO `region` VALUES (2326, '万州区', '500101', 'area', 2325);
INSERT INTO `region` VALUES (2327, '涪陵区', '500102', 'area', 2325);
INSERT INTO `region` VALUES (2328, '渝中区', '500103', 'area', 2325);
INSERT INTO `region` VALUES (2329, '大渡口区', '500104', 'area', 2325);
INSERT INTO `region` VALUES (2330, '江北区', '500105', 'area', 2325);
INSERT INTO `region` VALUES (2331, '沙坪坝区', '500106', 'area', 2325);
INSERT INTO `region` VALUES (2332, '九龙坡区', '500107', 'area', 2325);
INSERT INTO `region` VALUES (2333, '南岸区', '500108', 'area', 2325);
INSERT INTO `region` VALUES (2334, '北碚区', '500109', 'area', 2325);
INSERT INTO `region` VALUES (2335, '綦江区', '500110', 'area', 2325);
INSERT INTO `region` VALUES (2336, '大足区', '500111', 'area', 2325);
INSERT INTO `region` VALUES (2337, '渝北区', '500112', 'area', 2325);
INSERT INTO `region` VALUES (2338, '巴南区', '500113', 'area', 2325);
INSERT INTO `region` VALUES (2339, '黔江区', '500114', 'area', 2325);
INSERT INTO `region` VALUES (2340, '长寿区', '500115', 'area', 2325);
INSERT INTO `region` VALUES (2341, '江津区', '500116', 'area', 2325);
INSERT INTO `region` VALUES (2342, '合川区', '500117', 'area', 2325);
INSERT INTO `region` VALUES (2343, '永川区', '500118', 'area', 2325);
INSERT INTO `region` VALUES (2344, '南川区', '500119', 'area', 2325);
INSERT INTO `region` VALUES (2345, '璧山区', '500120', 'area', 2325);
INSERT INTO `region` VALUES (2346, '铜梁区', '500151', 'area', 2325);
INSERT INTO `region` VALUES (2347, '潼南区', '500152', 'area', 2325);
INSERT INTO `region` VALUES (2348, '荣昌区', '500153', 'area', 2325);
INSERT INTO `region` VALUES (2349, '开州区', '500154', 'area', 2325);
INSERT INTO `region` VALUES (2350, '梁平区', '500155', 'area', 2325);
INSERT INTO `region` VALUES (2351, '武隆区', '500156', 'area', 2325);
INSERT INTO `region` VALUES (2352, '县', '500200', 'city', 2324);
INSERT INTO `region` VALUES (2353, '城口县', '500229', 'area', 2352);
INSERT INTO `region` VALUES (2354, '丰都县', '500230', 'area', 2352);
INSERT INTO `region` VALUES (2355, '垫江县', '500231', 'area', 2352);
INSERT INTO `region` VALUES (2356, '忠县', '500233', 'area', 2352);
INSERT INTO `region` VALUES (2357, '云阳县', '500235', 'area', 2352);
INSERT INTO `region` VALUES (2358, '奉节县', '500236', 'area', 2352);
INSERT INTO `region` VALUES (2359, '巫山县', '500237', 'area', 2352);
INSERT INTO `region` VALUES (2360, '巫溪县', '500238', 'area', 2352);
INSERT INTO `region` VALUES (2361, '石柱土家族自治县', '500240', 'area', 2352);
INSERT INTO `region` VALUES (2362, '秀山土家族苗族自治县', '500241', 'area', 2352);
INSERT INTO `region` VALUES (2363, '酉阳土家族苗族自治县', '500242', 'area', 2352);
INSERT INTO `region` VALUES (2364, '彭水苗族土家族自治县', '500243', 'area', 2352);
INSERT INTO `region` VALUES (2365, '四川省', '510000', 'province', 0);
INSERT INTO `region` VALUES (2366, '成都市', '510100', 'city', 2365);
INSERT INTO `region` VALUES (2367, '锦江区', '510104', 'area', 2366);
INSERT INTO `region` VALUES (2368, '青羊区', '510105', 'area', 2366);
INSERT INTO `region` VALUES (2369, '金牛区', '510106', 'area', 2366);
INSERT INTO `region` VALUES (2370, '武侯区', '510107', 'area', 2366);
INSERT INTO `region` VALUES (2371, '成华区', '510108', 'area', 2366);
INSERT INTO `region` VALUES (2372, '龙泉驿区', '510112', 'area', 2366);
INSERT INTO `region` VALUES (2373, '青白江区', '510113', 'area', 2366);
INSERT INTO `region` VALUES (2374, '新都区', '510114', 'area', 2366);
INSERT INTO `region` VALUES (2375, '温江区', '510115', 'area', 2366);
INSERT INTO `region` VALUES (2376, '双流区', '510116', 'area', 2366);
INSERT INTO `region` VALUES (2377, '郫都区', '510117', 'area', 2366);
INSERT INTO `region` VALUES (2378, '金堂县', '510121', 'area', 2366);
INSERT INTO `region` VALUES (2379, '大邑县', '510129', 'area', 2366);
INSERT INTO `region` VALUES (2380, '蒲江县', '510131', 'area', 2366);
INSERT INTO `region` VALUES (2381, '新津县', '510132', 'area', 2366);
INSERT INTO `region` VALUES (2382, '都江堰市', '510181', 'area', 2366);
INSERT INTO `region` VALUES (2383, '彭州市', '510182', 'area', 2366);
INSERT INTO `region` VALUES (2384, '邛崃市', '510183', 'area', 2366);
INSERT INTO `region` VALUES (2385, '崇州市', '510184', 'area', 2366);
INSERT INTO `region` VALUES (2386, '简阳市', '510185', 'area', 2366);
INSERT INTO `region` VALUES (2387, '自贡市', '510300', 'city', 2365);
INSERT INTO `region` VALUES (2388, '自流井区', '510302', 'area', 2387);
INSERT INTO `region` VALUES (2389, '贡井区', '510303', 'area', 2387);
INSERT INTO `region` VALUES (2390, '大安区', '510304', 'area', 2387);
INSERT INTO `region` VALUES (2391, '沿滩区', '510311', 'area', 2387);
INSERT INTO `region` VALUES (2392, '荣县', '510321', 'area', 2387);
INSERT INTO `region` VALUES (2393, '富顺县', '510322', 'area', 2387);
INSERT INTO `region` VALUES (2394, '攀枝花市', '510400', 'city', 2365);
INSERT INTO `region` VALUES (2395, '东区', '510402', 'area', 2394);
INSERT INTO `region` VALUES (2396, '西区', '510403', 'area', 2394);
INSERT INTO `region` VALUES (2397, '仁和区', '510411', 'area', 2394);
INSERT INTO `region` VALUES (2398, '米易县', '510421', 'area', 2394);
INSERT INTO `region` VALUES (2399, '盐边县', '510422', 'area', 2394);
INSERT INTO `region` VALUES (2400, '泸州市', '510500', 'city', 2365);
INSERT INTO `region` VALUES (2401, '江阳区', '510502', 'area', 2400);
INSERT INTO `region` VALUES (2402, '纳溪区', '510503', 'area', 2400);
INSERT INTO `region` VALUES (2403, '龙马潭区', '510504', 'area', 2400);
INSERT INTO `region` VALUES (2404, '泸县', '510521', 'area', 2400);
INSERT INTO `region` VALUES (2405, '合江县', '510522', 'area', 2400);
INSERT INTO `region` VALUES (2406, '叙永县', '510524', 'area', 2400);
INSERT INTO `region` VALUES (2407, '古蔺县', '510525', 'area', 2400);
INSERT INTO `region` VALUES (2408, '德阳市', '510600', 'city', 2365);
INSERT INTO `region` VALUES (2409, '旌阳区', '510603', 'area', 2408);
INSERT INTO `region` VALUES (2410, '罗江区', '510604', 'area', 2408);
INSERT INTO `region` VALUES (2411, '中江县', '510623', 'area', 2408);
INSERT INTO `region` VALUES (2412, '广汉市', '510681', 'area', 2408);
INSERT INTO `region` VALUES (2413, '什邡市', '510682', 'area', 2408);
INSERT INTO `region` VALUES (2414, '绵竹市', '510683', 'area', 2408);
INSERT INTO `region` VALUES (2415, '绵阳市', '510700', 'city', 2365);
INSERT INTO `region` VALUES (2416, '涪城区', '510703', 'area', 2415);
INSERT INTO `region` VALUES (2417, '游仙区', '510704', 'area', 2415);
INSERT INTO `region` VALUES (2418, '安州区', '510705', 'area', 2415);
INSERT INTO `region` VALUES (2419, '三台县', '510722', 'area', 2415);
INSERT INTO `region` VALUES (2420, '盐亭县', '510723', 'area', 2415);
INSERT INTO `region` VALUES (2421, '梓潼县', '510725', 'area', 2415);
INSERT INTO `region` VALUES (2422, '北川羌族自治县', '510726', 'area', 2415);
INSERT INTO `region` VALUES (2423, '平武县', '510727', 'area', 2415);
INSERT INTO `region` VALUES (2424, '江油市', '510781', 'area', 2415);
INSERT INTO `region` VALUES (2425, '广元市', '510800', 'city', 2365);
INSERT INTO `region` VALUES (2426, '利州区', '510802', 'area', 2425);
INSERT INTO `region` VALUES (2427, '昭化区', '510811', 'area', 2425);
INSERT INTO `region` VALUES (2428, '朝天区', '510812', 'area', 2425);
INSERT INTO `region` VALUES (2429, '旺苍县', '510821', 'area', 2425);
INSERT INTO `region` VALUES (2430, '青川县', '510822', 'area', 2425);
INSERT INTO `region` VALUES (2431, '剑阁县', '510823', 'area', 2425);
INSERT INTO `region` VALUES (2432, '苍溪县', '510824', 'area', 2425);
INSERT INTO `region` VALUES (2433, '遂宁市', '510900', 'city', 2365);
INSERT INTO `region` VALUES (2434, '船山区', '510903', 'area', 2433);
INSERT INTO `region` VALUES (2435, '安居区', '510904', 'area', 2433);
INSERT INTO `region` VALUES (2436, '蓬溪县', '510921', 'area', 2433);
INSERT INTO `region` VALUES (2437, '射洪县', '510922', 'area', 2433);
INSERT INTO `region` VALUES (2438, '大英县', '510923', 'area', 2433);
INSERT INTO `region` VALUES (2439, '内江市', '511000', 'city', 2365);
INSERT INTO `region` VALUES (2440, '市中区', '511002', 'area', 2439);
INSERT INTO `region` VALUES (2441, '东兴区', '511011', 'area', 2439);
INSERT INTO `region` VALUES (2442, '威远县', '511024', 'area', 2439);
INSERT INTO `region` VALUES (2443, '资中县', '511025', 'area', 2439);
INSERT INTO `region` VALUES (2444, '隆昌市', '511083', 'area', 2439);
INSERT INTO `region` VALUES (2445, '乐山市', '511100', 'city', 2365);
INSERT INTO `region` VALUES (2446, '市中区', '511102', 'area', 2445);
INSERT INTO `region` VALUES (2447, '沙湾区', '511111', 'area', 2445);
INSERT INTO `region` VALUES (2448, '五通桥区', '511112', 'area', 2445);
INSERT INTO `region` VALUES (2449, '金口河区', '511113', 'area', 2445);
INSERT INTO `region` VALUES (2450, '犍为县', '511123', 'area', 2445);
INSERT INTO `region` VALUES (2451, '井研县', '511124', 'area', 2445);
INSERT INTO `region` VALUES (2452, '夹江县', '511126', 'area', 2445);
INSERT INTO `region` VALUES (2453, '沐川县', '511129', 'area', 2445);
INSERT INTO `region` VALUES (2454, '峨边彝族自治县', '511132', 'area', 2445);
INSERT INTO `region` VALUES (2455, '马边彝族自治县', '511133', 'area', 2445);
INSERT INTO `region` VALUES (2456, '峨眉山市', '511181', 'area', 2445);
INSERT INTO `region` VALUES (2457, '南充市', '511300', 'city', 2365);
INSERT INTO `region` VALUES (2458, '顺庆区', '511302', 'area', 2457);
INSERT INTO `region` VALUES (2459, '高坪区', '511303', 'area', 2457);
INSERT INTO `region` VALUES (2460, '嘉陵区', '511304', 'area', 2457);
INSERT INTO `region` VALUES (2461, '南部县', '511321', 'area', 2457);
INSERT INTO `region` VALUES (2462, '营山县', '511322', 'area', 2457);
INSERT INTO `region` VALUES (2463, '蓬安县', '511323', 'area', 2457);
INSERT INTO `region` VALUES (2464, '仪陇县', '511324', 'area', 2457);
INSERT INTO `region` VALUES (2465, '西充县', '511325', 'area', 2457);
INSERT INTO `region` VALUES (2466, '阆中市', '511381', 'area', 2457);
INSERT INTO `region` VALUES (2467, '眉山市', '511400', 'city', 2365);
INSERT INTO `region` VALUES (2468, '东坡区', '511402', 'area', 2467);
INSERT INTO `region` VALUES (2469, '彭山区', '511403', 'area', 2467);
INSERT INTO `region` VALUES (2470, '仁寿县', '511421', 'area', 2467);
INSERT INTO `region` VALUES (2471, '洪雅县', '511423', 'area', 2467);
INSERT INTO `region` VALUES (2472, '丹棱县', '511424', 'area', 2467);
INSERT INTO `region` VALUES (2473, '青神县', '511425', 'area', 2467);
INSERT INTO `region` VALUES (2474, '宜宾市', '511500', 'city', 2365);
INSERT INTO `region` VALUES (2475, '翠屏区', '511502', 'area', 2474);
INSERT INTO `region` VALUES (2476, '南溪区', '511503', 'area', 2474);
INSERT INTO `region` VALUES (2477, '宜宾县', '511521', 'area', 2474);
INSERT INTO `region` VALUES (2478, '江安县', '511523', 'area', 2474);
INSERT INTO `region` VALUES (2479, '长宁县', '511524', 'area', 2474);
INSERT INTO `region` VALUES (2480, '高县', '511525', 'area', 2474);
INSERT INTO `region` VALUES (2481, '珙县', '511526', 'area', 2474);
INSERT INTO `region` VALUES (2482, '筠连县', '511527', 'area', 2474);
INSERT INTO `region` VALUES (2483, '兴文县', '511528', 'area', 2474);
INSERT INTO `region` VALUES (2484, '屏山县', '511529', 'area', 2474);
INSERT INTO `region` VALUES (2485, '广安市', '511600', 'city', 2365);
INSERT INTO `region` VALUES (2486, '广安区', '511602', 'area', 2485);
INSERT INTO `region` VALUES (2487, '前锋区', '511603', 'area', 2485);
INSERT INTO `region` VALUES (2488, '岳池县', '511621', 'area', 2485);
INSERT INTO `region` VALUES (2489, '武胜县', '511622', 'area', 2485);
INSERT INTO `region` VALUES (2490, '邻水县', '511623', 'area', 2485);
INSERT INTO `region` VALUES (2491, '华蓥市', '511681', 'area', 2485);
INSERT INTO `region` VALUES (2492, '达州市', '511700', 'city', 2365);
INSERT INTO `region` VALUES (2493, '通川区', '511702', 'area', 2492);
INSERT INTO `region` VALUES (2494, '达川区', '511703', 'area', 2492);
INSERT INTO `region` VALUES (2495, '宣汉县', '511722', 'area', 2492);
INSERT INTO `region` VALUES (2496, '开江县', '511723', 'area', 2492);
INSERT INTO `region` VALUES (2497, '大竹县', '511724', 'area', 2492);
INSERT INTO `region` VALUES (2498, '渠县', '511725', 'area', 2492);
INSERT INTO `region` VALUES (2499, '万源市', '511781', 'area', 2492);
INSERT INTO `region` VALUES (2500, '雅安市', '511800', 'city', 2365);
INSERT INTO `region` VALUES (2501, '雨城区', '511802', 'area', 2500);
INSERT INTO `region` VALUES (2502, '名山区', '511803', 'area', 2500);
INSERT INTO `region` VALUES (2503, '荥经县', '511822', 'area', 2500);
INSERT INTO `region` VALUES (2504, '汉源县', '511823', 'area', 2500);
INSERT INTO `region` VALUES (2505, '石棉县', '511824', 'area', 2500);
INSERT INTO `region` VALUES (2506, '天全县', '511825', 'area', 2500);
INSERT INTO `region` VALUES (2507, '芦山县', '511826', 'area', 2500);
INSERT INTO `region` VALUES (2508, '宝兴县', '511827', 'area', 2500);
INSERT INTO `region` VALUES (2509, '巴中市', '511900', 'city', 2365);
INSERT INTO `region` VALUES (2510, '巴州区', '511902', 'area', 2509);
INSERT INTO `region` VALUES (2511, '恩阳区', '511903', 'area', 2509);
INSERT INTO `region` VALUES (2512, '通江县', '511921', 'area', 2509);
INSERT INTO `region` VALUES (2513, '南江县', '511922', 'area', 2509);
INSERT INTO `region` VALUES (2514, '平昌县', '511923', 'area', 2509);
INSERT INTO `region` VALUES (2515, '资阳市', '512000', 'city', 2365);
INSERT INTO `region` VALUES (2516, '雁江区', '512002', 'area', 2515);
INSERT INTO `region` VALUES (2517, '安岳县', '512021', 'area', 2515);
INSERT INTO `region` VALUES (2518, '乐至县', '512022', 'area', 2515);
INSERT INTO `region` VALUES (2519, '阿坝藏族羌族自治州', '513200', 'city', 2365);
INSERT INTO `region` VALUES (2520, '马尔康市', '513201', 'area', 2519);
INSERT INTO `region` VALUES (2521, '汶川县', '513221', 'area', 2519);
INSERT INTO `region` VALUES (2522, '理县', '513222', 'area', 2519);
INSERT INTO `region` VALUES (2523, '茂县', '513223', 'area', 2519);
INSERT INTO `region` VALUES (2524, '松潘县', '513224', 'area', 2519);
INSERT INTO `region` VALUES (2525, '九寨沟县', '513225', 'area', 2519);
INSERT INTO `region` VALUES (2526, '金川县', '513226', 'area', 2519);
INSERT INTO `region` VALUES (2527, '小金县', '513227', 'area', 2519);
INSERT INTO `region` VALUES (2528, '黑水县', '513228', 'area', 2519);
INSERT INTO `region` VALUES (2529, '壤塘县', '513230', 'area', 2519);
INSERT INTO `region` VALUES (2530, '阿坝县', '513231', 'area', 2519);
INSERT INTO `region` VALUES (2531, '若尔盖县', '513232', 'area', 2519);
INSERT INTO `region` VALUES (2532, '红原县', '513233', 'area', 2519);
INSERT INTO `region` VALUES (2533, '甘孜藏族自治州', '513300', 'city', 2365);
INSERT INTO `region` VALUES (2534, '康定市', '513301', 'area', 2533);
INSERT INTO `region` VALUES (2535, '泸定县', '513322', 'area', 2533);
INSERT INTO `region` VALUES (2536, '丹巴县', '513323', 'area', 2533);
INSERT INTO `region` VALUES (2537, '九龙县', '513324', 'area', 2533);
INSERT INTO `region` VALUES (2538, '雅江县', '513325', 'area', 2533);
INSERT INTO `region` VALUES (2539, '道孚县', '513326', 'area', 2533);
INSERT INTO `region` VALUES (2540, '炉霍县', '513327', 'area', 2533);
INSERT INTO `region` VALUES (2541, '甘孜县', '513328', 'area', 2533);
INSERT INTO `region` VALUES (2542, '新龙县', '513329', 'area', 2533);
INSERT INTO `region` VALUES (2543, '德格县', '513330', 'area', 2533);
INSERT INTO `region` VALUES (2544, '白玉县', '513331', 'area', 2533);
INSERT INTO `region` VALUES (2545, '石渠县', '513332', 'area', 2533);
INSERT INTO `region` VALUES (2546, '色达县', '513333', 'area', 2533);
INSERT INTO `region` VALUES (2547, '理塘县', '513334', 'area', 2533);
INSERT INTO `region` VALUES (2548, '巴塘县', '513335', 'area', 2533);
INSERT INTO `region` VALUES (2549, '乡城县', '513336', 'area', 2533);
INSERT INTO `region` VALUES (2550, '稻城县', '513337', 'area', 2533);
INSERT INTO `region` VALUES (2551, '得荣县', '513338', 'area', 2533);
INSERT INTO `region` VALUES (2552, '凉山彝族自治州', '513400', 'city', 2365);
INSERT INTO `region` VALUES (2553, '西昌市', '513401', 'area', 2552);
INSERT INTO `region` VALUES (2554, '木里藏族自治县', '513422', 'area', 2552);
INSERT INTO `region` VALUES (2555, '盐源县', '513423', 'area', 2552);
INSERT INTO `region` VALUES (2556, '德昌县', '513424', 'area', 2552);
INSERT INTO `region` VALUES (2557, '会理县', '513425', 'area', 2552);
INSERT INTO `region` VALUES (2558, '会东县', '513426', 'area', 2552);
INSERT INTO `region` VALUES (2559, '宁南县', '513427', 'area', 2552);
INSERT INTO `region` VALUES (2560, '普格县', '513428', 'area', 2552);
INSERT INTO `region` VALUES (2561, '布拖县', '513429', 'area', 2552);
INSERT INTO `region` VALUES (2562, '金阳县', '513430', 'area', 2552);
INSERT INTO `region` VALUES (2563, '昭觉县', '513431', 'area', 2552);
INSERT INTO `region` VALUES (2564, '喜德县', '513432', 'area', 2552);
INSERT INTO `region` VALUES (2565, '冕宁县', '513433', 'area', 2552);
INSERT INTO `region` VALUES (2566, '越西县', '513434', 'area', 2552);
INSERT INTO `region` VALUES (2567, '甘洛县', '513435', 'area', 2552);
INSERT INTO `region` VALUES (2568, '美姑县', '513436', 'area', 2552);
INSERT INTO `region` VALUES (2569, '雷波县', '513437', 'area', 2552);
INSERT INTO `region` VALUES (2570, '贵州省', '520000', 'province', 0);
INSERT INTO `region` VALUES (2571, '贵阳市', '520100', 'city', 2570);
INSERT INTO `region` VALUES (2572, '南明区', '520102', 'area', 2571);
INSERT INTO `region` VALUES (2573, '云岩区', '520103', 'area', 2571);
INSERT INTO `region` VALUES (2574, '花溪区', '520111', 'area', 2571);
INSERT INTO `region` VALUES (2575, '乌当区', '520112', 'area', 2571);
INSERT INTO `region` VALUES (2576, '白云区', '520113', 'area', 2571);
INSERT INTO `region` VALUES (2577, '观山湖区', '520115', 'area', 2571);
INSERT INTO `region` VALUES (2578, '开阳县', '520121', 'area', 2571);
INSERT INTO `region` VALUES (2579, '息烽县', '520122', 'area', 2571);
INSERT INTO `region` VALUES (2580, '修文县', '520123', 'area', 2571);
INSERT INTO `region` VALUES (2581, '清镇市', '520181', 'area', 2571);
INSERT INTO `region` VALUES (2582, '六盘水市', '520200', 'city', 2570);
INSERT INTO `region` VALUES (2583, '钟山区', '520201', 'area', 2582);
INSERT INTO `region` VALUES (2584, '六枝特区', '520203', 'area', 2582);
INSERT INTO `region` VALUES (2585, '水城县', '520221', 'area', 2582);
INSERT INTO `region` VALUES (2586, '盘州市', '520281', 'area', 2582);
INSERT INTO `region` VALUES (2587, '遵义市', '520300', 'city', 2570);
INSERT INTO `region` VALUES (2588, '红花岗区', '520302', 'area', 2587);
INSERT INTO `region` VALUES (2589, '汇川区', '520303', 'area', 2587);
INSERT INTO `region` VALUES (2590, '播州区', '520304', 'area', 2587);
INSERT INTO `region` VALUES (2591, '桐梓县', '520322', 'area', 2587);
INSERT INTO `region` VALUES (2592, '绥阳县', '520323', 'area', 2587);
INSERT INTO `region` VALUES (2593, '正安县', '520324', 'area', 2587);
INSERT INTO `region` VALUES (2594, '道真仡佬族苗族自治县', '520325', 'area', 2587);
INSERT INTO `region` VALUES (2595, '务川仡佬族苗族自治县', '520326', 'area', 2587);
INSERT INTO `region` VALUES (2596, '凤冈县', '520327', 'area', 2587);
INSERT INTO `region` VALUES (2597, '湄潭县', '520328', 'area', 2587);
INSERT INTO `region` VALUES (2598, '余庆县', '520329', 'area', 2587);
INSERT INTO `region` VALUES (2599, '习水县', '520330', 'area', 2587);
INSERT INTO `region` VALUES (2600, '赤水市', '520381', 'area', 2587);
INSERT INTO `region` VALUES (2601, '仁怀市', '520382', 'area', 2587);
INSERT INTO `region` VALUES (2602, '安顺市', '520400', 'city', 2570);
INSERT INTO `region` VALUES (2603, '西秀区', '520402', 'area', 2602);
INSERT INTO `region` VALUES (2604, '平坝区', '520403', 'area', 2602);
INSERT INTO `region` VALUES (2605, '普定县', '520422', 'area', 2602);
INSERT INTO `region` VALUES (2606, '镇宁布依族苗族自治县', '520423', 'area', 2602);
INSERT INTO `region` VALUES (2607, '关岭布依族苗族自治县', '520424', 'area', 2602);
INSERT INTO `region` VALUES (2608, '紫云苗族布依族自治县', '520425', 'area', 2602);
INSERT INTO `region` VALUES (2609, '毕节市', '520500', 'city', 2570);
INSERT INTO `region` VALUES (2610, '七星关区', '520502', 'area', 2609);
INSERT INTO `region` VALUES (2611, '大方县', '520521', 'area', 2609);
INSERT INTO `region` VALUES (2612, '黔西县', '520522', 'area', 2609);
INSERT INTO `region` VALUES (2613, '金沙县', '520523', 'area', 2609);
INSERT INTO `region` VALUES (2614, '织金县', '520524', 'area', 2609);
INSERT INTO `region` VALUES (2615, '纳雍县', '520525', 'area', 2609);
INSERT INTO `region` VALUES (2616, '威宁彝族回族苗族自治县', '520526', 'area', 2609);
INSERT INTO `region` VALUES (2617, '赫章县', '520527', 'area', 2609);
INSERT INTO `region` VALUES (2618, '铜仁市', '520600', 'city', 2570);
INSERT INTO `region` VALUES (2619, '碧江区', '520602', 'area', 2618);
INSERT INTO `region` VALUES (2620, '万山区', '520603', 'area', 2618);
INSERT INTO `region` VALUES (2621, '江口县', '520621', 'area', 2618);
INSERT INTO `region` VALUES (2622, '玉屏侗族自治县', '520622', 'area', 2618);
INSERT INTO `region` VALUES (2623, '石阡县', '520623', 'area', 2618);
INSERT INTO `region` VALUES (2624, '思南县', '520624', 'area', 2618);
INSERT INTO `region` VALUES (2625, '印江土家族苗族自治县', '520625', 'area', 2618);
INSERT INTO `region` VALUES (2626, '德江县', '520626', 'area', 2618);
INSERT INTO `region` VALUES (2627, '沿河土家族自治县', '520627', 'area', 2618);
INSERT INTO `region` VALUES (2628, '松桃苗族自治县', '520628', 'area', 2618);
INSERT INTO `region` VALUES (2629, '黔西南布依族苗族自治州', '522300', 'city', 2570);
INSERT INTO `region` VALUES (2630, '兴义市', '522301', 'area', 2629);
INSERT INTO `region` VALUES (2631, '兴仁县', '522322', 'area', 2629);
INSERT INTO `region` VALUES (2632, '普安县', '522323', 'area', 2629);
INSERT INTO `region` VALUES (2633, '晴隆县', '522324', 'area', 2629);
INSERT INTO `region` VALUES (2634, '贞丰县', '522325', 'area', 2629);
INSERT INTO `region` VALUES (2635, '望谟县', '522326', 'area', 2629);
INSERT INTO `region` VALUES (2636, '册亨县', '522327', 'area', 2629);
INSERT INTO `region` VALUES (2637, '安龙县', '522328', 'area', 2629);
INSERT INTO `region` VALUES (2638, '黔东南苗族侗族自治州', '522600', 'city', 2570);
INSERT INTO `region` VALUES (2639, '凯里市', '522601', 'area', 2638);
INSERT INTO `region` VALUES (2640, '黄平县', '522622', 'area', 2638);
INSERT INTO `region` VALUES (2641, '施秉县', '522623', 'area', 2638);
INSERT INTO `region` VALUES (2642, '三穗县', '522624', 'area', 2638);
INSERT INTO `region` VALUES (2643, '镇远县', '522625', 'area', 2638);
INSERT INTO `region` VALUES (2644, '岑巩县', '522626', 'area', 2638);
INSERT INTO `region` VALUES (2645, '天柱县', '522627', 'area', 2638);
INSERT INTO `region` VALUES (2646, '锦屏县', '522628', 'area', 2638);
INSERT INTO `region` VALUES (2647, '剑河县', '522629', 'area', 2638);
INSERT INTO `region` VALUES (2648, '台江县', '522630', 'area', 2638);
INSERT INTO `region` VALUES (2649, '黎平县', '522631', 'area', 2638);
INSERT INTO `region` VALUES (2650, '榕江县', '522632', 'area', 2638);
INSERT INTO `region` VALUES (2651, '从江县', '522633', 'area', 2638);
INSERT INTO `region` VALUES (2652, '雷山县', '522634', 'area', 2638);
INSERT INTO `region` VALUES (2653, '麻江县', '522635', 'area', 2638);
INSERT INTO `region` VALUES (2654, '丹寨县', '522636', 'area', 2638);
INSERT INTO `region` VALUES (2655, '黔南布依族苗族自治州', '522700', 'city', 2570);
INSERT INTO `region` VALUES (2656, '都匀市', '522701', 'area', 2655);
INSERT INTO `region` VALUES (2657, '福泉市', '522702', 'area', 2655);
INSERT INTO `region` VALUES (2658, '荔波县', '522722', 'area', 2655);
INSERT INTO `region` VALUES (2659, '贵定县', '522723', 'area', 2655);
INSERT INTO `region` VALUES (2660, '瓮安县', '522725', 'area', 2655);
INSERT INTO `region` VALUES (2661, '独山县', '522726', 'area', 2655);
INSERT INTO `region` VALUES (2662, '平塘县', '522727', 'area', 2655);
INSERT INTO `region` VALUES (2663, '罗甸县', '522728', 'area', 2655);
INSERT INTO `region` VALUES (2664, '长顺县', '522729', 'area', 2655);
INSERT INTO `region` VALUES (2665, '龙里县', '522730', 'area', 2655);
INSERT INTO `region` VALUES (2666, '惠水县', '522731', 'area', 2655);
INSERT INTO `region` VALUES (2667, '三都水族自治县', '522732', 'area', 2655);
INSERT INTO `region` VALUES (2668, '云南省', '530000', 'province', 0);
INSERT INTO `region` VALUES (2669, '昆明市', '530100', 'city', 2668);
INSERT INTO `region` VALUES (2670, '五华区', '530102', 'area', 2669);
INSERT INTO `region` VALUES (2671, '盘龙区', '530103', 'area', 2669);
INSERT INTO `region` VALUES (2672, '官渡区', '530111', 'area', 2669);
INSERT INTO `region` VALUES (2673, '西山区', '530112', 'area', 2669);
INSERT INTO `region` VALUES (2674, '东川区', '530113', 'area', 2669);
INSERT INTO `region` VALUES (2675, '呈贡区', '530114', 'area', 2669);
INSERT INTO `region` VALUES (2676, '晋宁区', '530115', 'area', 2669);
INSERT INTO `region` VALUES (2677, '富民县', '530124', 'area', 2669);
INSERT INTO `region` VALUES (2678, '宜良县', '530125', 'area', 2669);
INSERT INTO `region` VALUES (2679, '石林彝族自治县', '530126', 'area', 2669);
INSERT INTO `region` VALUES (2680, '嵩明县', '530127', 'area', 2669);
INSERT INTO `region` VALUES (2681, '禄劝彝族苗族自治县', '530128', 'area', 2669);
INSERT INTO `region` VALUES (2682, '寻甸回族彝族自治县', '530129', 'area', 2669);
INSERT INTO `region` VALUES (2683, '安宁市', '530181', 'area', 2669);
INSERT INTO `region` VALUES (2684, '曲靖市', '530300', 'city', 2668);
INSERT INTO `region` VALUES (2685, '麒麟区', '530302', 'area', 2684);
INSERT INTO `region` VALUES (2686, '沾益区', '530303', 'area', 2684);
INSERT INTO `region` VALUES (2687, '马龙县', '530321', 'area', 2684);
INSERT INTO `region` VALUES (2688, '陆良县', '530322', 'area', 2684);
INSERT INTO `region` VALUES (2689, '师宗县', '530323', 'area', 2684);
INSERT INTO `region` VALUES (2690, '罗平县', '530324', 'area', 2684);
INSERT INTO `region` VALUES (2691, '富源县', '530325', 'area', 2684);
INSERT INTO `region` VALUES (2692, '会泽县', '530326', 'area', 2684);
INSERT INTO `region` VALUES (2693, '宣威市', '530381', 'area', 2684);
INSERT INTO `region` VALUES (2694, '玉溪市', '530400', 'city', 2668);
INSERT INTO `region` VALUES (2695, '红塔区', '530402', 'area', 2694);
INSERT INTO `region` VALUES (2696, '江川区', '530403', 'area', 2694);
INSERT INTO `region` VALUES (2697, '澄江县', '530422', 'area', 2694);
INSERT INTO `region` VALUES (2698, '通海县', '530423', 'area', 2694);
INSERT INTO `region` VALUES (2699, '华宁县', '530424', 'area', 2694);
INSERT INTO `region` VALUES (2700, '易门县', '530425', 'area', 2694);
INSERT INTO `region` VALUES (2701, '峨山彝族自治县', '530426', 'area', 2694);
INSERT INTO `region` VALUES (2702, '新平彝族傣族自治县', '530427', 'area', 2694);
INSERT INTO `region` VALUES (2703, '元江哈尼族彝族傣族自治县', '530428', 'area', 2694);
INSERT INTO `region` VALUES (2704, '保山市', '530500', 'city', 2668);
INSERT INTO `region` VALUES (2705, '隆阳区', '530502', 'area', 2704);
INSERT INTO `region` VALUES (2706, '施甸县', '530521', 'area', 2704);
INSERT INTO `region` VALUES (2707, '龙陵县', '530523', 'area', 2704);
INSERT INTO `region` VALUES (2708, '昌宁县', '530524', 'area', 2704);
INSERT INTO `region` VALUES (2709, '腾冲市', '530581', 'area', 2704);
INSERT INTO `region` VALUES (2710, '昭通市', '530600', 'city', 2668);
INSERT INTO `region` VALUES (2711, '昭阳区', '530602', 'area', 2710);
INSERT INTO `region` VALUES (2712, '鲁甸县', '530621', 'area', 2710);
INSERT INTO `region` VALUES (2713, '巧家县', '530622', 'area', 2710);
INSERT INTO `region` VALUES (2714, '盐津县', '530623', 'area', 2710);
INSERT INTO `region` VALUES (2715, '大关县', '530624', 'area', 2710);
INSERT INTO `region` VALUES (2716, '永善县', '530625', 'area', 2710);
INSERT INTO `region` VALUES (2717, '绥江县', '530626', 'area', 2710);
INSERT INTO `region` VALUES (2718, '镇雄县', '530627', 'area', 2710);
INSERT INTO `region` VALUES (2719, '彝良县', '530628', 'area', 2710);
INSERT INTO `region` VALUES (2720, '威信县', '530629', 'area', 2710);
INSERT INTO `region` VALUES (2721, '水富县', '530630', 'area', 2710);
INSERT INTO `region` VALUES (2722, '丽江市', '530700', 'city', 2668);
INSERT INTO `region` VALUES (2723, '古城区', '530702', 'area', 2722);
INSERT INTO `region` VALUES (2724, '玉龙纳西族自治县', '530721', 'area', 2722);
INSERT INTO `region` VALUES (2725, '永胜县', '530722', 'area', 2722);
INSERT INTO `region` VALUES (2726, '华坪县', '530723', 'area', 2722);
INSERT INTO `region` VALUES (2727, '宁蒗彝族自治县', '530724', 'area', 2722);
INSERT INTO `region` VALUES (2728, '普洱市', '530800', 'city', 2668);
INSERT INTO `region` VALUES (2729, '思茅区', '530802', 'area', 2728);
INSERT INTO `region` VALUES (2730, '宁洱哈尼族彝族自治县', '530821', 'area', 2728);
INSERT INTO `region` VALUES (2731, '墨江哈尼族自治县', '530822', 'area', 2728);
INSERT INTO `region` VALUES (2732, '景东彝族自治县', '530823', 'area', 2728);
INSERT INTO `region` VALUES (2733, '景谷傣族彝族自治县', '530824', 'area', 2728);
INSERT INTO `region` VALUES (2734, '镇沅彝族哈尼族拉祜族自治县', '530825', 'area', 2728);
INSERT INTO `region` VALUES (2735, '江城哈尼族彝族自治县', '530826', 'area', 2728);
INSERT INTO `region` VALUES (2736, '孟连傣族拉祜族佤族自治县', '530827', 'area', 2728);
INSERT INTO `region` VALUES (2737, '澜沧拉祜族自治县', '530828', 'area', 2728);
INSERT INTO `region` VALUES (2738, '西盟佤族自治县', '530829', 'area', 2728);
INSERT INTO `region` VALUES (2739, '临沧市', '530900', 'city', 2668);
INSERT INTO `region` VALUES (2740, '临翔区', '530902', 'area', 2739);
INSERT INTO `region` VALUES (2741, '凤庆县', '530921', 'area', 2739);
INSERT INTO `region` VALUES (2742, '云县', '530922', 'area', 2739);
INSERT INTO `region` VALUES (2743, '永德县', '530923', 'area', 2739);
INSERT INTO `region` VALUES (2744, '镇康县', '530924', 'area', 2739);
INSERT INTO `region` VALUES (2745, '双江拉祜族佤族布朗族傣族自治县', '530925', 'area', 2739);
INSERT INTO `region` VALUES (2746, '耿马傣族佤族自治县', '530926', 'area', 2739);
INSERT INTO `region` VALUES (2747, '沧源佤族自治县', '530927', 'area', 2739);
INSERT INTO `region` VALUES (2748, '楚雄彝族自治州', '532300', 'city', 2668);
INSERT INTO `region` VALUES (2749, '楚雄市', '532301', 'area', 2748);
INSERT INTO `region` VALUES (2750, '双柏县', '532322', 'area', 2748);
INSERT INTO `region` VALUES (2751, '牟定县', '532323', 'area', 2748);
INSERT INTO `region` VALUES (2752, '南华县', '532324', 'area', 2748);
INSERT INTO `region` VALUES (2753, '姚安县', '532325', 'area', 2748);
INSERT INTO `region` VALUES (2754, '大姚县', '532326', 'area', 2748);
INSERT INTO `region` VALUES (2755, '永仁县', '532327', 'area', 2748);
INSERT INTO `region` VALUES (2756, '元谋县', '532328', 'area', 2748);
INSERT INTO `region` VALUES (2757, '武定县', '532329', 'area', 2748);
INSERT INTO `region` VALUES (2758, '禄丰县', '532331', 'area', 2748);
INSERT INTO `region` VALUES (2759, '红河哈尼族彝族自治州', '532500', 'city', 2668);
INSERT INTO `region` VALUES (2760, '个旧市', '532501', 'area', 2759);
INSERT INTO `region` VALUES (2761, '开远市', '532502', 'area', 2759);
INSERT INTO `region` VALUES (2762, '蒙自市', '532503', 'area', 2759);
INSERT INTO `region` VALUES (2763, '弥勒市', '532504', 'area', 2759);
INSERT INTO `region` VALUES (2764, '屏边苗族自治县', '532523', 'area', 2759);
INSERT INTO `region` VALUES (2765, '建水县', '532524', 'area', 2759);
INSERT INTO `region` VALUES (2766, '石屏县', '532525', 'area', 2759);
INSERT INTO `region` VALUES (2767, '泸西县', '532527', 'area', 2759);
INSERT INTO `region` VALUES (2768, '元阳县', '532528', 'area', 2759);
INSERT INTO `region` VALUES (2769, '红河县', '532529', 'area', 2759);
INSERT INTO `region` VALUES (2770, '金平苗族瑶族傣族自治县', '532530', 'area', 2759);
INSERT INTO `region` VALUES (2771, '绿春县', '532531', 'area', 2759);
INSERT INTO `region` VALUES (2772, '河口瑶族自治县', '532532', 'area', 2759);
INSERT INTO `region` VALUES (2773, '文山壮族苗族自治州', '532600', 'city', 2668);
INSERT INTO `region` VALUES (2774, '文山市', '532601', 'area', 2773);
INSERT INTO `region` VALUES (2775, '砚山县', '532622', 'area', 2773);
INSERT INTO `region` VALUES (2776, '西畴县', '532623', 'area', 2773);
INSERT INTO `region` VALUES (2777, '麻栗坡县', '532624', 'area', 2773);
INSERT INTO `region` VALUES (2778, '马关县', '532625', 'area', 2773);
INSERT INTO `region` VALUES (2779, '丘北县', '532626', 'area', 2773);
INSERT INTO `region` VALUES (2780, '广南县', '532627', 'area', 2773);
INSERT INTO `region` VALUES (2781, '富宁县', '532628', 'area', 2773);
INSERT INTO `region` VALUES (2782, '西双版纳傣族自治州', '532800', 'city', 2668);
INSERT INTO `region` VALUES (2783, '景洪市', '532801', 'area', 2782);
INSERT INTO `region` VALUES (2784, '勐海县', '532822', 'area', 2782);
INSERT INTO `region` VALUES (2785, '勐腊县', '532823', 'area', 2782);
INSERT INTO `region` VALUES (2786, '大理白族自治州', '532900', 'city', 2668);
INSERT INTO `region` VALUES (2787, '大理市', '532901', 'area', 2786);
INSERT INTO `region` VALUES (2788, '漾濞彝族自治县', '532922', 'area', 2786);
INSERT INTO `region` VALUES (2789, '祥云县', '532923', 'area', 2786);
INSERT INTO `region` VALUES (2790, '宾川县', '532924', 'area', 2786);
INSERT INTO `region` VALUES (2791, '弥渡县', '532925', 'area', 2786);
INSERT INTO `region` VALUES (2792, '南涧彝族自治县', '532926', 'area', 2786);
INSERT INTO `region` VALUES (2793, '巍山彝族回族自治县', '532927', 'area', 2786);
INSERT INTO `region` VALUES (2794, '永平县', '532928', 'area', 2786);
INSERT INTO `region` VALUES (2795, '云龙县', '532929', 'area', 2786);
INSERT INTO `region` VALUES (2796, '洱源县', '532930', 'area', 2786);
INSERT INTO `region` VALUES (2797, '剑川县', '532931', 'area', 2786);
INSERT INTO `region` VALUES (2798, '鹤庆县', '532932', 'area', 2786);
INSERT INTO `region` VALUES (2799, '德宏傣族景颇族自治州', '533100', 'city', 2668);
INSERT INTO `region` VALUES (2800, '瑞丽市', '533102', 'area', 2799);
INSERT INTO `region` VALUES (2801, '芒市', '533103', 'area', 2799);
INSERT INTO `region` VALUES (2802, '梁河县', '533122', 'area', 2799);
INSERT INTO `region` VALUES (2803, '盈江县', '533123', 'area', 2799);
INSERT INTO `region` VALUES (2804, '陇川县', '533124', 'area', 2799);
INSERT INTO `region` VALUES (2805, '怒江傈僳族自治州', '533300', 'city', 2668);
INSERT INTO `region` VALUES (2806, '泸水市', '533301', 'area', 2805);
INSERT INTO `region` VALUES (2807, '福贡县', '533323', 'area', 2805);
INSERT INTO `region` VALUES (2808, '贡山独龙族怒族自治县', '533324', 'area', 2805);
INSERT INTO `region` VALUES (2809, '兰坪白族普米族自治县', '533325', 'area', 2805);
INSERT INTO `region` VALUES (2810, '迪庆藏族自治州', '533400', 'city', 2668);
INSERT INTO `region` VALUES (2811, '香格里拉市', '533401', 'area', 2810);
INSERT INTO `region` VALUES (2812, '德钦县', '533422', 'area', 2810);
INSERT INTO `region` VALUES (2813, '维西傈僳族自治县', '533423', 'area', 2810);
INSERT INTO `region` VALUES (2814, '西藏自治区', '540000', 'province', 0);
INSERT INTO `region` VALUES (2815, '拉萨市', '540100', 'city', 2814);
INSERT INTO `region` VALUES (2816, '城关区', '540102', 'area', 2815);
INSERT INTO `region` VALUES (2817, '堆龙德庆区', '540103', 'area', 2815);
INSERT INTO `region` VALUES (2818, '达孜区', '540104', 'area', 2815);
INSERT INTO `region` VALUES (2819, '林周县', '540121', 'area', 2815);
INSERT INTO `region` VALUES (2820, '当雄县', '540122', 'area', 2815);
INSERT INTO `region` VALUES (2821, '尼木县', '540123', 'area', 2815);
INSERT INTO `region` VALUES (2822, '曲水县', '540124', 'area', 2815);
INSERT INTO `region` VALUES (2823, '墨竹工卡县', '540127', 'area', 2815);
INSERT INTO `region` VALUES (2824, '日喀则市', '540200', 'city', 2814);
INSERT INTO `region` VALUES (2825, '桑珠孜区', '540202', 'area', 2824);
INSERT INTO `region` VALUES (2826, '南木林县', '540221', 'area', 2824);
INSERT INTO `region` VALUES (2827, '江孜县', '540222', 'area', 2824);
INSERT INTO `region` VALUES (2828, '定日县', '540223', 'area', 2824);
INSERT INTO `region` VALUES (2829, '萨迦县', '540224', 'area', 2824);
INSERT INTO `region` VALUES (2830, '拉孜县', '540225', 'area', 2824);
INSERT INTO `region` VALUES (2831, '昂仁县', '540226', 'area', 2824);
INSERT INTO `region` VALUES (2832, '谢通门县', '540227', 'area', 2824);
INSERT INTO `region` VALUES (2833, '白朗县', '540228', 'area', 2824);
INSERT INTO `region` VALUES (2834, '仁布县', '540229', 'area', 2824);
INSERT INTO `region` VALUES (2835, '康马县', '540230', 'area', 2824);
INSERT INTO `region` VALUES (2836, '定结县', '540231', 'area', 2824);
INSERT INTO `region` VALUES (2837, '仲巴县', '540232', 'area', 2824);
INSERT INTO `region` VALUES (2838, '亚东县', '540233', 'area', 2824);
INSERT INTO `region` VALUES (2839, '吉隆县', '540234', 'area', 2824);
INSERT INTO `region` VALUES (2840, '聂拉木县', '540235', 'area', 2824);
INSERT INTO `region` VALUES (2841, '萨嘎县', '540236', 'area', 2824);
INSERT INTO `region` VALUES (2842, '岗巴县', '540237', 'area', 2824);
INSERT INTO `region` VALUES (2843, '昌都市', '540300', 'city', 2814);
INSERT INTO `region` VALUES (2844, '卡若区', '540302', 'area', 2843);
INSERT INTO `region` VALUES (2845, '江达县', '540321', 'area', 2843);
INSERT INTO `region` VALUES (2846, '贡觉县', '540322', 'area', 2843);
INSERT INTO `region` VALUES (2847, '类乌齐县', '540323', 'area', 2843);
INSERT INTO `region` VALUES (2848, '丁青县', '540324', 'area', 2843);
INSERT INTO `region` VALUES (2849, '察雅县', '540325', 'area', 2843);
INSERT INTO `region` VALUES (2850, '八宿县', '540326', 'area', 2843);
INSERT INTO `region` VALUES (2851, '左贡县', '540327', 'area', 2843);
INSERT INTO `region` VALUES (2852, '芒康县', '540328', 'area', 2843);
INSERT INTO `region` VALUES (2853, '洛隆县', '540329', 'area', 2843);
INSERT INTO `region` VALUES (2854, '边坝县', '540330', 'area', 2843);
INSERT INTO `region` VALUES (2855, '林芝市', '540400', 'city', 2814);
INSERT INTO `region` VALUES (2856, '巴宜区', '540402', 'area', 2855);
INSERT INTO `region` VALUES (2857, '工布江达县', '540421', 'area', 2855);
INSERT INTO `region` VALUES (2858, '米林县', '540422', 'area', 2855);
INSERT INTO `region` VALUES (2859, '墨脱县', '540423', 'area', 2855);
INSERT INTO `region` VALUES (2860, '波密县', '540424', 'area', 2855);
INSERT INTO `region` VALUES (2861, '察隅县', '540425', 'area', 2855);
INSERT INTO `region` VALUES (2862, '朗县', '540426', 'area', 2855);
INSERT INTO `region` VALUES (2863, '山南市', '540500', 'city', 2814);
INSERT INTO `region` VALUES (2864, '乃东区', '540502', 'area', 2863);
INSERT INTO `region` VALUES (2865, '扎囊县', '540521', 'area', 2863);
INSERT INTO `region` VALUES (2866, '贡嘎县', '540522', 'area', 2863);
INSERT INTO `region` VALUES (2867, '桑日县', '540523', 'area', 2863);
INSERT INTO `region` VALUES (2868, '琼结县', '540524', 'area', 2863);
INSERT INTO `region` VALUES (2869, '曲松县', '540525', 'area', 2863);
INSERT INTO `region` VALUES (2870, '措美县', '540526', 'area', 2863);
INSERT INTO `region` VALUES (2871, '洛扎县', '540527', 'area', 2863);
INSERT INTO `region` VALUES (2872, '加查县', '540528', 'area', 2863);
INSERT INTO `region` VALUES (2873, '隆子县', '540529', 'area', 2863);
INSERT INTO `region` VALUES (2874, '错那县', '540530', 'area', 2863);
INSERT INTO `region` VALUES (2875, '浪卡子县', '540531', 'area', 2863);
INSERT INTO `region` VALUES (2876, '那曲地区', '542400', 'city', 2814);
INSERT INTO `region` VALUES (2877, '那曲县', '542421', 'area', 2876);
INSERT INTO `region` VALUES (2878, '嘉黎县', '542422', 'area', 2876);
INSERT INTO `region` VALUES (2879, '比如县', '542423', 'area', 2876);
INSERT INTO `region` VALUES (2880, '聂荣县', '542424', 'area', 2876);
INSERT INTO `region` VALUES (2881, '安多县', '542425', 'area', 2876);
INSERT INTO `region` VALUES (2882, '申扎县', '542426', 'area', 2876);
INSERT INTO `region` VALUES (2883, '索县', '542427', 'area', 2876);
INSERT INTO `region` VALUES (2884, '班戈县', '542428', 'area', 2876);
INSERT INTO `region` VALUES (2885, '巴青县', '542429', 'area', 2876);
INSERT INTO `region` VALUES (2886, '尼玛县', '542430', 'area', 2876);
INSERT INTO `region` VALUES (2887, '双湖县', '542431', 'area', 2876);
INSERT INTO `region` VALUES (2888, '阿里地区', '542500', 'city', 2814);
INSERT INTO `region` VALUES (2889, '普兰县', '542521', 'area', 2888);
INSERT INTO `region` VALUES (2890, '札达县', '542522', 'area', 2888);
INSERT INTO `region` VALUES (2891, '噶尔县', '542523', 'area', 2888);
INSERT INTO `region` VALUES (2892, '日土县', '542524', 'area', 2888);
INSERT INTO `region` VALUES (2893, '革吉县', '542525', 'area', 2888);
INSERT INTO `region` VALUES (2894, '改则县', '542526', 'area', 2888);
INSERT INTO `region` VALUES (2895, '措勤县', '542527', 'area', 2888);
INSERT INTO `region` VALUES (2896, '陕西省', '610000', 'province', 0);
INSERT INTO `region` VALUES (2897, '西安市', '610100', 'city', 2896);
INSERT INTO `region` VALUES (2898, '新城区', '610102', 'area', 2897);
INSERT INTO `region` VALUES (2899, '碑林区', '610103', 'area', 2897);
INSERT INTO `region` VALUES (2900, '莲湖区', '610104', 'area', 2897);
INSERT INTO `region` VALUES (2901, '灞桥区', '610111', 'area', 2897);
INSERT INTO `region` VALUES (2902, '未央区', '610112', 'area', 2897);
INSERT INTO `region` VALUES (2903, '雁塔区', '610113', 'area', 2897);
INSERT INTO `region` VALUES (2904, '阎良区', '610114', 'area', 2897);
INSERT INTO `region` VALUES (2905, '临潼区', '610115', 'area', 2897);
INSERT INTO `region` VALUES (2906, '长安区', '610116', 'area', 2897);
INSERT INTO `region` VALUES (2907, '高陵区', '610117', 'area', 2897);
INSERT INTO `region` VALUES (2908, '鄠邑区', '610118', 'area', 2897);
INSERT INTO `region` VALUES (2909, '蓝田县', '610122', 'area', 2897);
INSERT INTO `region` VALUES (2910, '周至县', '610124', 'area', 2897);
INSERT INTO `region` VALUES (2911, '铜川市', '610200', 'city', 2896);
INSERT INTO `region` VALUES (2912, '王益区', '610202', 'area', 2911);
INSERT INTO `region` VALUES (2913, '印台区', '610203', 'area', 2911);
INSERT INTO `region` VALUES (2914, '耀州区', '610204', 'area', 2911);
INSERT INTO `region` VALUES (2915, '宜君县', '610222', 'area', 2911);
INSERT INTO `region` VALUES (2916, '宝鸡市', '610300', 'city', 2896);
INSERT INTO `region` VALUES (2917, '渭滨区', '610302', 'area', 2916);
INSERT INTO `region` VALUES (2918, '金台区', '610303', 'area', 2916);
INSERT INTO `region` VALUES (2919, '陈仓区', '610304', 'area', 2916);
INSERT INTO `region` VALUES (2920, '凤翔县', '610322', 'area', 2916);
INSERT INTO `region` VALUES (2921, '岐山县', '610323', 'area', 2916);
INSERT INTO `region` VALUES (2922, '扶风县', '610324', 'area', 2916);
INSERT INTO `region` VALUES (2923, '眉县', '610326', 'area', 2916);
INSERT INTO `region` VALUES (2924, '陇县', '610327', 'area', 2916);
INSERT INTO `region` VALUES (2925, '千阳县', '610328', 'area', 2916);
INSERT INTO `region` VALUES (2926, '麟游县', '610329', 'area', 2916);
INSERT INTO `region` VALUES (2927, '凤县', '610330', 'area', 2916);
INSERT INTO `region` VALUES (2928, '太白县', '610331', 'area', 2916);
INSERT INTO `region` VALUES (2929, '咸阳市', '610400', 'city', 2896);
INSERT INTO `region` VALUES (2930, '秦都区', '610402', 'area', 2929);
INSERT INTO `region` VALUES (2931, '杨陵区', '610403', 'area', 2929);
INSERT INTO `region` VALUES (2932, '渭城区', '610404', 'area', 2929);
INSERT INTO `region` VALUES (2933, '三原县', '610422', 'area', 2929);
INSERT INTO `region` VALUES (2934, '泾阳县', '610423', 'area', 2929);
INSERT INTO `region` VALUES (2935, '乾县', '610424', 'area', 2929);
INSERT INTO `region` VALUES (2936, '礼泉县', '610425', 'area', 2929);
INSERT INTO `region` VALUES (2937, '永寿县', '610426', 'area', 2929);
INSERT INTO `region` VALUES (2938, '彬州市', '610427', 'area', 2929);
INSERT INTO `region` VALUES (2939, '长武县', '610428', 'area', 2929);
INSERT INTO `region` VALUES (2940, '旬邑县', '610429', 'area', 2929);
INSERT INTO `region` VALUES (2941, '淳化县', '610430', 'area', 2929);
INSERT INTO `region` VALUES (2942, '武功县', '610431', 'area', 2929);
INSERT INTO `region` VALUES (2943, '兴平市', '610481', 'area', 2929);
INSERT INTO `region` VALUES (2944, '渭南市', '610500', 'city', 2896);
INSERT INTO `region` VALUES (2945, '临渭区', '610502', 'area', 2944);
INSERT INTO `region` VALUES (2946, '华州区', '610503', 'area', 2944);
INSERT INTO `region` VALUES (2947, '潼关县', '610522', 'area', 2944);
INSERT INTO `region` VALUES (2948, '大荔县', '610523', 'area', 2944);
INSERT INTO `region` VALUES (2949, '合阳县', '610524', 'area', 2944);
INSERT INTO `region` VALUES (2950, '澄城县', '610525', 'area', 2944);
INSERT INTO `region` VALUES (2951, '蒲城县', '610526', 'area', 2944);
INSERT INTO `region` VALUES (2952, '白水县', '610527', 'area', 2944);
INSERT INTO `region` VALUES (2953, '富平县', '610528', 'area', 2944);
INSERT INTO `region` VALUES (2954, '韩城市', '610581', 'area', 2944);
INSERT INTO `region` VALUES (2955, '华阴市', '610582', 'area', 2944);
INSERT INTO `region` VALUES (2956, '延安市', '610600', 'city', 2896);
INSERT INTO `region` VALUES (2957, '宝塔区', '610602', 'area', 2956);
INSERT INTO `region` VALUES (2958, '安塞区', '610603', 'area', 2956);
INSERT INTO `region` VALUES (2959, '延长县', '610621', 'area', 2956);
INSERT INTO `region` VALUES (2960, '延川县', '610622', 'area', 2956);
INSERT INTO `region` VALUES (2961, '子长县', '610623', 'area', 2956);
INSERT INTO `region` VALUES (2962, '志丹县', '610625', 'area', 2956);
INSERT INTO `region` VALUES (2963, '吴起县', '610626', 'area', 2956);
INSERT INTO `region` VALUES (2964, '甘泉县', '610627', 'area', 2956);
INSERT INTO `region` VALUES (2965, '富县', '610628', 'area', 2956);
INSERT INTO `region` VALUES (2966, '洛川县', '610629', 'area', 2956);
INSERT INTO `region` VALUES (2967, '宜川县', '610630', 'area', 2956);
INSERT INTO `region` VALUES (2968, '黄龙县', '610631', 'area', 2956);
INSERT INTO `region` VALUES (2969, '黄陵县', '610632', 'area', 2956);
INSERT INTO `region` VALUES (2970, '汉中市', '610700', 'city', 2896);
INSERT INTO `region` VALUES (2971, '汉台区', '610702', 'area', 2970);
INSERT INTO `region` VALUES (2972, '南郑区', '610703', 'area', 2970);
INSERT INTO `region` VALUES (2973, '城固县', '610722', 'area', 2970);
INSERT INTO `region` VALUES (2974, '洋县', '610723', 'area', 2970);
INSERT INTO `region` VALUES (2975, '西乡县', '610724', 'area', 2970);
INSERT INTO `region` VALUES (2976, '勉县', '610725', 'area', 2970);
INSERT INTO `region` VALUES (2977, '宁强县', '610726', 'area', 2970);
INSERT INTO `region` VALUES (2978, '略阳县', '610727', 'area', 2970);
INSERT INTO `region` VALUES (2979, '镇巴县', '610728', 'area', 2970);
INSERT INTO `region` VALUES (2980, '留坝县', '610729', 'area', 2970);
INSERT INTO `region` VALUES (2981, '佛坪县', '610730', 'area', 2970);
INSERT INTO `region` VALUES (2982, '榆林市', '610800', 'city', 2896);
INSERT INTO `region` VALUES (2983, '榆阳区', '610802', 'area', 2982);
INSERT INTO `region` VALUES (2984, '横山区', '610803', 'area', 2982);
INSERT INTO `region` VALUES (2985, '府谷县', '610822', 'area', 2982);
INSERT INTO `region` VALUES (2986, '靖边县', '610824', 'area', 2982);
INSERT INTO `region` VALUES (2987, '定边县', '610825', 'area', 2982);
INSERT INTO `region` VALUES (2988, '绥德县', '610826', 'area', 2982);
INSERT INTO `region` VALUES (2989, '米脂县', '610827', 'area', 2982);
INSERT INTO `region` VALUES (2990, '佳县', '610828', 'area', 2982);
INSERT INTO `region` VALUES (2991, '吴堡县', '610829', 'area', 2982);
INSERT INTO `region` VALUES (2992, '清涧县', '610830', 'area', 2982);
INSERT INTO `region` VALUES (2993, '子洲县', '610831', 'area', 2982);
INSERT INTO `region` VALUES (2994, '神木市', '610881', 'area', 2982);
INSERT INTO `region` VALUES (2995, '安康市', '610900', 'city', 2896);
INSERT INTO `region` VALUES (2996, '汉滨区', '610902', 'area', 2995);
INSERT INTO `region` VALUES (2997, '汉阴县', '610921', 'area', 2995);
INSERT INTO `region` VALUES (2998, '石泉县', '610922', 'area', 2995);
INSERT INTO `region` VALUES (2999, '宁陕县', '610923', 'area', 2995);
INSERT INTO `region` VALUES (3000, '紫阳县', '610924', 'area', 2995);
INSERT INTO `region` VALUES (3001, '岚皋县', '610925', 'area', 2995);
INSERT INTO `region` VALUES (3002, '平利县', '610926', 'area', 2995);
INSERT INTO `region` VALUES (3003, '镇坪县', '610927', 'area', 2995);
INSERT INTO `region` VALUES (3004, '旬阳县', '610928', 'area', 2995);
INSERT INTO `region` VALUES (3005, '白河县', '610929', 'area', 2995);
INSERT INTO `region` VALUES (3006, '商洛市', '611000', 'city', 2896);
INSERT INTO `region` VALUES (3007, '商州区', '611002', 'area', 3006);
INSERT INTO `region` VALUES (3008, '洛南县', '611021', 'area', 3006);
INSERT INTO `region` VALUES (3009, '丹凤县', '611022', 'area', 3006);
INSERT INTO `region` VALUES (3010, '商南县', '611023', 'area', 3006);
INSERT INTO `region` VALUES (3011, '山阳县', '611024', 'area', 3006);
INSERT INTO `region` VALUES (3012, '镇安县', '611025', 'area', 3006);
INSERT INTO `region` VALUES (3013, '柞水县', '611026', 'area', 3006);
INSERT INTO `region` VALUES (3014, '甘肃省', '620000', 'province', 0);
INSERT INTO `region` VALUES (3015, '兰州市', '620100', 'city', 3014);
INSERT INTO `region` VALUES (3016, '城关区', '620102', 'area', 3015);
INSERT INTO `region` VALUES (3017, '七里河区', '620103', 'area', 3015);
INSERT INTO `region` VALUES (3018, '西固区', '620104', 'area', 3015);
INSERT INTO `region` VALUES (3019, '安宁区', '620105', 'area', 3015);
INSERT INTO `region` VALUES (3020, '红古区', '620111', 'area', 3015);
INSERT INTO `region` VALUES (3021, '永登县', '620121', 'area', 3015);
INSERT INTO `region` VALUES (3022, '皋兰县', '620122', 'area', 3015);
INSERT INTO `region` VALUES (3023, '榆中县', '620123', 'area', 3015);
INSERT INTO `region` VALUES (3024, '嘉峪关市', '620200', 'city', 3014);
INSERT INTO `region` VALUES (3025, '雄关区', '620201', 'area', 3024);
INSERT INTO `region` VALUES (3026, '镜铁区', '620202', 'area', 3024);
INSERT INTO `region` VALUES (3027, '长城区', '620203', 'area', 3024);
INSERT INTO `region` VALUES (3028, '金昌市', '620300', 'city', 3014);
INSERT INTO `region` VALUES (3029, '金川区', '620302', 'area', 3028);
INSERT INTO `region` VALUES (3030, '永昌县', '620321', 'area', 3028);
INSERT INTO `region` VALUES (3031, '白银市', '620400', 'city', 3014);
INSERT INTO `region` VALUES (3032, '白银区', '620402', 'area', 3031);
INSERT INTO `region` VALUES (3033, '平川区', '620403', 'area', 3031);
INSERT INTO `region` VALUES (3034, '靖远县', '620421', 'area', 3031);
INSERT INTO `region` VALUES (3035, '会宁县', '620422', 'area', 3031);
INSERT INTO `region` VALUES (3036, '景泰县', '620423', 'area', 3031);
INSERT INTO `region` VALUES (3037, '天水市', '620500', 'city', 3014);
INSERT INTO `region` VALUES (3038, '秦州区', '620502', 'area', 3037);
INSERT INTO `region` VALUES (3039, '麦积区', '620503', 'area', 3037);
INSERT INTO `region` VALUES (3040, '清水县', '620521', 'area', 3037);
INSERT INTO `region` VALUES (3041, '秦安县', '620522', 'area', 3037);
INSERT INTO `region` VALUES (3042, '甘谷县', '620523', 'area', 3037);
INSERT INTO `region` VALUES (3043, '武山县', '620524', 'area', 3037);
INSERT INTO `region` VALUES (3044, '张家川回族自治县', '620525', 'area', 3037);
INSERT INTO `region` VALUES (3045, '武威市', '620600', 'city', 3014);
INSERT INTO `region` VALUES (3046, '凉州区', '620602', 'area', 3045);
INSERT INTO `region` VALUES (3047, '民勤县', '620621', 'area', 3045);
INSERT INTO `region` VALUES (3048, '古浪县', '620622', 'area', 3045);
INSERT INTO `region` VALUES (3049, '天祝藏族自治县', '620623', 'area', 3045);
INSERT INTO `region` VALUES (3050, '张掖市', '620700', 'city', 3014);
INSERT INTO `region` VALUES (3051, '甘州区', '620702', 'area', 3050);
INSERT INTO `region` VALUES (3052, '肃南裕固族自治县', '620721', 'area', 3050);
INSERT INTO `region` VALUES (3053, '民乐县', '620722', 'area', 3050);
INSERT INTO `region` VALUES (3054, '临泽县', '620723', 'area', 3050);
INSERT INTO `region` VALUES (3055, '高台县', '620724', 'area', 3050);
INSERT INTO `region` VALUES (3056, '山丹县', '620725', 'area', 3050);
INSERT INTO `region` VALUES (3057, '平凉市', '620800', 'city', 3014);
INSERT INTO `region` VALUES (3058, '崆峒区', '620802', 'area', 3057);
INSERT INTO `region` VALUES (3059, '泾川县', '620821', 'area', 3057);
INSERT INTO `region` VALUES (3060, '灵台县', '620822', 'area', 3057);
INSERT INTO `region` VALUES (3061, '崇信县', '620823', 'area', 3057);
INSERT INTO `region` VALUES (3062, '华亭县', '620824', 'area', 3057);
INSERT INTO `region` VALUES (3063, '庄浪县', '620825', 'area', 3057);
INSERT INTO `region` VALUES (3064, '静宁县', '620826', 'area', 3057);
INSERT INTO `region` VALUES (3065, '酒泉市', '620900', 'city', 3014);
INSERT INTO `region` VALUES (3066, '肃州区', '620902', 'area', 3065);
INSERT INTO `region` VALUES (3067, '金塔县', '620921', 'area', 3065);
INSERT INTO `region` VALUES (3068, '瓜州县', '620922', 'area', 3065);
INSERT INTO `region` VALUES (3069, '肃北蒙古族自治县', '620923', 'area', 3065);
INSERT INTO `region` VALUES (3070, '阿克塞哈萨克族自治县', '620924', 'area', 3065);
INSERT INTO `region` VALUES (3071, '玉门市', '620981', 'area', 3065);
INSERT INTO `region` VALUES (3072, '敦煌市', '620982', 'area', 3065);
INSERT INTO `region` VALUES (3073, '庆阳市', '621000', 'city', 3014);
INSERT INTO `region` VALUES (3074, '西峰区', '621002', 'area', 3073);
INSERT INTO `region` VALUES (3075, '庆城县', '621021', 'area', 3073);
INSERT INTO `region` VALUES (3076, '环县', '621022', 'area', 3073);
INSERT INTO `region` VALUES (3077, '华池县', '621023', 'area', 3073);
INSERT INTO `region` VALUES (3078, '合水县', '621024', 'area', 3073);
INSERT INTO `region` VALUES (3079, '正宁县', '621025', 'area', 3073);
INSERT INTO `region` VALUES (3080, '宁县', '621026', 'area', 3073);
INSERT INTO `region` VALUES (3081, '镇原县', '621027', 'area', 3073);
INSERT INTO `region` VALUES (3082, '定西市', '621100', 'city', 3014);
INSERT INTO `region` VALUES (3083, '安定区', '621102', 'area', 3082);
INSERT INTO `region` VALUES (3084, '通渭县', '621121', 'area', 3082);
INSERT INTO `region` VALUES (3085, '陇西县', '621122', 'area', 3082);
INSERT INTO `region` VALUES (3086, '渭源县', '621123', 'area', 3082);
INSERT INTO `region` VALUES (3087, '临洮县', '621124', 'area', 3082);
INSERT INTO `region` VALUES (3088, '漳县', '621125', 'area', 3082);
INSERT INTO `region` VALUES (3089, '岷县', '621126', 'area', 3082);
INSERT INTO `region` VALUES (3090, '陇南市', '621200', 'city', 3014);
INSERT INTO `region` VALUES (3091, '武都区', '621202', 'area', 3090);
INSERT INTO `region` VALUES (3092, '成县', '621221', 'area', 3090);
INSERT INTO `region` VALUES (3093, '文县', '621222', 'area', 3090);
INSERT INTO `region` VALUES (3094, '宕昌县', '621223', 'area', 3090);
INSERT INTO `region` VALUES (3095, '康县', '621224', 'area', 3090);
INSERT INTO `region` VALUES (3096, '西和县', '621225', 'area', 3090);
INSERT INTO `region` VALUES (3097, '礼县', '621226', 'area', 3090);
INSERT INTO `region` VALUES (3098, '徽县', '621227', 'area', 3090);
INSERT INTO `region` VALUES (3099, '两当县', '621228', 'area', 3090);
INSERT INTO `region` VALUES (3100, '临夏回族自治州', '622900', 'city', 3014);
INSERT INTO `region` VALUES (3101, '临夏市', '622901', 'area', 3100);
INSERT INTO `region` VALUES (3102, '临夏县', '622921', 'area', 3100);
INSERT INTO `region` VALUES (3103, '康乐县', '622922', 'area', 3100);
INSERT INTO `region` VALUES (3104, '永靖县', '622923', 'area', 3100);
INSERT INTO `region` VALUES (3105, '广河县', '622924', 'area', 3100);
INSERT INTO `region` VALUES (3106, '和政县', '622925', 'area', 3100);
INSERT INTO `region` VALUES (3107, '东乡族自治县', '622926', 'area', 3100);
INSERT INTO `region` VALUES (3108, '积石山保安族东乡族撒拉族自治县', '622927', 'area', 3100);
INSERT INTO `region` VALUES (3109, '甘南藏族自治州', '623000', 'city', 3014);
INSERT INTO `region` VALUES (3110, '合作市', '623001', 'area', 3109);
INSERT INTO `region` VALUES (3111, '临潭县', '623021', 'area', 3109);
INSERT INTO `region` VALUES (3112, '卓尼县', '623022', 'area', 3109);
INSERT INTO `region` VALUES (3113, '舟曲县', '623023', 'area', 3109);
INSERT INTO `region` VALUES (3114, '迭部县', '623024', 'area', 3109);
INSERT INTO `region` VALUES (3115, '玛曲县', '623025', 'area', 3109);
INSERT INTO `region` VALUES (3116, '碌曲县', '623026', 'area', 3109);
INSERT INTO `region` VALUES (3117, '夏河县', '623027', 'area', 3109);
INSERT INTO `region` VALUES (3118, '青海省', '630000', 'province', 0);
INSERT INTO `region` VALUES (3119, '西宁市', '630100', 'city', 3118);
INSERT INTO `region` VALUES (3120, '城东区', '630102', 'area', 3119);
INSERT INTO `region` VALUES (3121, '城中区', '630103', 'area', 3119);
INSERT INTO `region` VALUES (3122, '城西区', '630104', 'area', 3119);
INSERT INTO `region` VALUES (3123, '城北区', '630105', 'area', 3119);
INSERT INTO `region` VALUES (3124, '大通回族土族自治县', '630121', 'area', 3119);
INSERT INTO `region` VALUES (3125, '湟中县', '630122', 'area', 3119);
INSERT INTO `region` VALUES (3126, '湟源县', '630123', 'area', 3119);
INSERT INTO `region` VALUES (3127, '海东市', '630200', 'city', 3118);
INSERT INTO `region` VALUES (3128, '乐都区', '630202', 'area', 3127);
INSERT INTO `region` VALUES (3129, '平安区', '630203', 'area', 3127);
INSERT INTO `region` VALUES (3130, '民和回族土族自治县', '630222', 'area', 3127);
INSERT INTO `region` VALUES (3131, '互助土族自治县', '630223', 'area', 3127);
INSERT INTO `region` VALUES (3132, '化隆回族自治县', '630224', 'area', 3127);
INSERT INTO `region` VALUES (3133, '循化撒拉族自治县', '630225', 'area', 3127);
INSERT INTO `region` VALUES (3134, '海北藏族自治州', '632200', 'city', 3118);
INSERT INTO `region` VALUES (3135, '门源回族自治县', '632221', 'area', 3134);
INSERT INTO `region` VALUES (3136, '祁连县', '632222', 'area', 3134);
INSERT INTO `region` VALUES (3137, '海晏县', '632223', 'area', 3134);
INSERT INTO `region` VALUES (3138, '刚察县', '632224', 'area', 3134);
INSERT INTO `region` VALUES (3139, '黄南藏族自治州', '632300', 'city', 3118);
INSERT INTO `region` VALUES (3140, '同仁县', '632321', 'area', 3139);
INSERT INTO `region` VALUES (3141, '尖扎县', '632322', 'area', 3139);
INSERT INTO `region` VALUES (3142, '泽库县', '632323', 'area', 3139);
INSERT INTO `region` VALUES (3143, '河南蒙古族自治县', '632324', 'area', 3139);
INSERT INTO `region` VALUES (3144, '海南藏族自治州', '632500', 'city', 3118);
INSERT INTO `region` VALUES (3145, '共和县', '632521', 'area', 3144);
INSERT INTO `region` VALUES (3146, '同德县', '632522', 'area', 3144);
INSERT INTO `region` VALUES (3147, '贵德县', '632523', 'area', 3144);
INSERT INTO `region` VALUES (3148, '兴海县', '632524', 'area', 3144);
INSERT INTO `region` VALUES (3149, '贵南县', '632525', 'area', 3144);
INSERT INTO `region` VALUES (3150, '果洛藏族自治州', '632600', 'city', 3118);
INSERT INTO `region` VALUES (3151, '玛沁县', '632621', 'area', 3150);
INSERT INTO `region` VALUES (3152, '班玛县', '632622', 'area', 3150);
INSERT INTO `region` VALUES (3153, '甘德县', '632623', 'area', 3150);
INSERT INTO `region` VALUES (3154, '达日县', '632624', 'area', 3150);
INSERT INTO `region` VALUES (3155, '久治县', '632625', 'area', 3150);
INSERT INTO `region` VALUES (3156, '玛多县', '632626', 'area', 3150);
INSERT INTO `region` VALUES (3157, '玉树藏族自治州', '632700', 'city', 3118);
INSERT INTO `region` VALUES (3158, '玉树市', '632701', 'area', 3157);
INSERT INTO `region` VALUES (3159, '杂多县', '632722', 'area', 3157);
INSERT INTO `region` VALUES (3160, '称多县', '632723', 'area', 3157);
INSERT INTO `region` VALUES (3161, '治多县', '632724', 'area', 3157);
INSERT INTO `region` VALUES (3162, '囊谦县', '632725', 'area', 3157);
INSERT INTO `region` VALUES (3163, '曲麻莱县', '632726', 'area', 3157);
INSERT INTO `region` VALUES (3164, '海西蒙古族藏族自治州', '632800', 'city', 3118);
INSERT INTO `region` VALUES (3165, '格尔木市', '632801', 'area', 3164);
INSERT INTO `region` VALUES (3166, '德令哈市', '632802', 'area', 3164);
INSERT INTO `region` VALUES (3167, '乌兰县', '632821', 'area', 3164);
INSERT INTO `region` VALUES (3168, '都兰县', '632822', 'area', 3164);
INSERT INTO `region` VALUES (3169, '天峻县', '632823', 'area', 3164);
INSERT INTO `region` VALUES (3170, '冷湖行政委员会', '632824', 'area', 3164);
INSERT INTO `region` VALUES (3171, '大柴旦行政委员会', '632825', 'area', 3164);
INSERT INTO `region` VALUES (3172, '茫崖行政委员会', '632826', 'area', 3164);
INSERT INTO `region` VALUES (3173, '宁夏回族自治区', '640000', 'province', 0);
INSERT INTO `region` VALUES (3174, '银川市', '640100', 'city', 3173);
INSERT INTO `region` VALUES (3175, '兴庆区', '640104', 'area', 3174);
INSERT INTO `region` VALUES (3176, '西夏区', '640105', 'area', 3174);
INSERT INTO `region` VALUES (3177, '金凤区', '640106', 'area', 3174);
INSERT INTO `region` VALUES (3178, '永宁县', '640121', 'area', 3174);
INSERT INTO `region` VALUES (3179, '贺兰县', '640122', 'area', 3174);
INSERT INTO `region` VALUES (3180, '灵武市', '640181', 'area', 3174);
INSERT INTO `region` VALUES (3181, '石嘴山市', '640200', 'city', 3173);
INSERT INTO `region` VALUES (3182, '大武口区', '640202', 'area', 3181);
INSERT INTO `region` VALUES (3183, '惠农区', '640205', 'area', 3181);
INSERT INTO `region` VALUES (3184, '平罗县', '640221', 'area', 3181);
INSERT INTO `region` VALUES (3185, '吴忠市', '640300', 'city', 3173);
INSERT INTO `region` VALUES (3186, '利通区', '640302', 'area', 3185);
INSERT INTO `region` VALUES (3187, '红寺堡区', '640303', 'area', 3185);
INSERT INTO `region` VALUES (3188, '盐池县', '640323', 'area', 3185);
INSERT INTO `region` VALUES (3189, '同心县', '640324', 'area', 3185);
INSERT INTO `region` VALUES (3190, '青铜峡市', '640381', 'area', 3185);
INSERT INTO `region` VALUES (3191, '固原市', '640400', 'city', 3173);
INSERT INTO `region` VALUES (3192, '原州区', '640402', 'area', 3191);
INSERT INTO `region` VALUES (3193, '西吉县', '640422', 'area', 3191);
INSERT INTO `region` VALUES (3194, '隆德县', '640423', 'area', 3191);
INSERT INTO `region` VALUES (3195, '泾源县', '640424', 'area', 3191);
INSERT INTO `region` VALUES (3196, '彭阳县', '640425', 'area', 3191);
INSERT INTO `region` VALUES (3197, '中卫市', '640500', 'city', 3173);
INSERT INTO `region` VALUES (3198, '沙坡头区', '640502', 'area', 3197);
INSERT INTO `region` VALUES (3199, '中宁县', '640521', 'area', 3197);
INSERT INTO `region` VALUES (3200, '海原县', '640522', 'area', 3197);
INSERT INTO `region` VALUES (3201, '新疆维吾尔自治区', '650000', 'province', 0);
INSERT INTO `region` VALUES (3202, '乌鲁木齐市', '650100', 'city', 3201);
INSERT INTO `region` VALUES (3203, '天山区', '650102', 'area', 3202);
INSERT INTO `region` VALUES (3204, '沙依巴克区', '650103', 'area', 3202);
INSERT INTO `region` VALUES (3205, '新市区', '650104', 'area', 3202);
INSERT INTO `region` VALUES (3206, '水磨沟区', '650105', 'area', 3202);
INSERT INTO `region` VALUES (3207, '头屯河区', '650106', 'area', 3202);
INSERT INTO `region` VALUES (3208, '达坂城区', '650107', 'area', 3202);
INSERT INTO `region` VALUES (3209, '米东区', '650109', 'area', 3202);
INSERT INTO `region` VALUES (3210, '乌鲁木齐县', '650121', 'area', 3202);
INSERT INTO `region` VALUES (3211, '克拉玛依市', '650200', 'city', 3201);
INSERT INTO `region` VALUES (3212, '独山子区', '650202', 'area', 3211);
INSERT INTO `region` VALUES (3213, '克拉玛依区', '650203', 'area', 3211);
INSERT INTO `region` VALUES (3214, '白碱滩区', '650204', 'area', 3211);
INSERT INTO `region` VALUES (3215, '乌尔禾区', '650205', 'area', 3211);
INSERT INTO `region` VALUES (3216, '吐鲁番市', '650400', 'city', 3201);
INSERT INTO `region` VALUES (3217, '高昌区', '650402', 'area', 3216);
INSERT INTO `region` VALUES (3218, '鄯善县', '650421', 'area', 3216);
INSERT INTO `region` VALUES (3219, '托克逊县', '650422', 'area', 3216);
INSERT INTO `region` VALUES (3220, '哈密市', '650500', 'city', 3201);
INSERT INTO `region` VALUES (3221, '伊州区', '650502', 'area', 3220);
INSERT INTO `region` VALUES (3222, '巴里坤哈萨克自治县', '650521', 'area', 3220);
INSERT INTO `region` VALUES (3223, '伊吾县', '650522', 'area', 3220);
INSERT INTO `region` VALUES (3224, '昌吉回族自治州', '652300', 'city', 3201);
INSERT INTO `region` VALUES (3225, '昌吉市', '652301', 'area', 3224);
INSERT INTO `region` VALUES (3226, '阜康市', '652302', 'area', 3224);
INSERT INTO `region` VALUES (3227, '呼图壁县', '652323', 'area', 3224);
INSERT INTO `region` VALUES (3228, '玛纳斯县', '652324', 'area', 3224);
INSERT INTO `region` VALUES (3229, '奇台县', '652325', 'area', 3224);
INSERT INTO `region` VALUES (3230, '吉木萨尔县', '652327', 'area', 3224);
INSERT INTO `region` VALUES (3231, '木垒哈萨克自治县', '652328', 'area', 3224);
INSERT INTO `region` VALUES (3232, '博尔塔拉蒙古自治州', '652700', 'city', 3201);
INSERT INTO `region` VALUES (3233, '博乐市', '652701', 'area', 3232);
INSERT INTO `region` VALUES (3234, '阿拉山口市', '652702', 'area', 3232);
INSERT INTO `region` VALUES (3235, '精河县', '652722', 'area', 3232);
INSERT INTO `region` VALUES (3236, '温泉县', '652723', 'area', 3232);
INSERT INTO `region` VALUES (3237, '巴音郭楞蒙古自治州', '652800', 'city', 3201);
INSERT INTO `region` VALUES (3238, '库尔勒市', '652801', 'area', 3237);
INSERT INTO `region` VALUES (3239, '轮台县', '652822', 'area', 3237);
INSERT INTO `region` VALUES (3240, '尉犁县', '652823', 'area', 3237);
INSERT INTO `region` VALUES (3241, '若羌县', '652824', 'area', 3237);
INSERT INTO `region` VALUES (3242, '且末县', '652825', 'area', 3237);
INSERT INTO `region` VALUES (3243, '焉耆回族自治县', '652826', 'area', 3237);
INSERT INTO `region` VALUES (3244, '和静县', '652827', 'area', 3237);
INSERT INTO `region` VALUES (3245, '和硕县', '652828', 'area', 3237);
INSERT INTO `region` VALUES (3246, '博湖县', '652829', 'area', 3237);
INSERT INTO `region` VALUES (3247, '阿克苏地区', '652900', 'city', 3201);
INSERT INTO `region` VALUES (3248, '阿克苏市', '652901', 'area', 3247);
INSERT INTO `region` VALUES (3249, '温宿县', '652922', 'area', 3247);
INSERT INTO `region` VALUES (3250, '库车县', '652923', 'area', 3247);
INSERT INTO `region` VALUES (3251, '沙雅县', '652924', 'area', 3247);
INSERT INTO `region` VALUES (3252, '新和县', '652925', 'area', 3247);
INSERT INTO `region` VALUES (3253, '拜城县', '652926', 'area', 3247);
INSERT INTO `region` VALUES (3254, '乌什县', '652927', 'area', 3247);
INSERT INTO `region` VALUES (3255, '阿瓦提县', '652928', 'area', 3247);
INSERT INTO `region` VALUES (3256, '柯坪县', '652929', 'area', 3247);
INSERT INTO `region` VALUES (3257, '克孜勒苏柯尔克孜自治州', '653000', 'city', 3201);
INSERT INTO `region` VALUES (3258, '阿图什市', '653001', 'area', 3257);
INSERT INTO `region` VALUES (3259, '阿克陶县', '653022', 'area', 3257);
INSERT INTO `region` VALUES (3260, '阿合奇县', '653023', 'area', 3257);
INSERT INTO `region` VALUES (3261, '乌恰县', '653024', 'area', 3257);
INSERT INTO `region` VALUES (3262, '喀什地区', '653100', 'city', 3201);
INSERT INTO `region` VALUES (3263, '喀什市', '653101', 'area', 3262);
INSERT INTO `region` VALUES (3264, '疏附县', '653121', 'area', 3262);
INSERT INTO `region` VALUES (3265, '疏勒县', '653122', 'area', 3262);
INSERT INTO `region` VALUES (3266, '英吉沙县', '653123', 'area', 3262);
INSERT INTO `region` VALUES (3267, '泽普县', '653124', 'area', 3262);
INSERT INTO `region` VALUES (3268, '莎车县', '653125', 'area', 3262);
INSERT INTO `region` VALUES (3269, '叶城县', '653126', 'area', 3262);
INSERT INTO `region` VALUES (3270, '麦盖提县', '653127', 'area', 3262);
INSERT INTO `region` VALUES (3271, '岳普湖县', '653128', 'area', 3262);
INSERT INTO `region` VALUES (3272, '伽师县', '653129', 'area', 3262);
INSERT INTO `region` VALUES (3273, '巴楚县', '653130', 'area', 3262);
INSERT INTO `region` VALUES (3274, '塔什库尔干塔吉克自治县', '653131', 'area', 3262);
INSERT INTO `region` VALUES (3275, '和田地区', '653200', 'city', 3201);
INSERT INTO `region` VALUES (3276, '和田市', '653201', 'area', 3275);
INSERT INTO `region` VALUES (3277, '和田县', '653221', 'area', 3275);
INSERT INTO `region` VALUES (3278, '墨玉县', '653222', 'area', 3275);
INSERT INTO `region` VALUES (3279, '皮山县', '653223', 'area', 3275);
INSERT INTO `region` VALUES (3280, '洛浦县', '653224', 'area', 3275);
INSERT INTO `region` VALUES (3281, '策勒县', '653225', 'area', 3275);
INSERT INTO `region` VALUES (3282, '于田县', '653226', 'area', 3275);
INSERT INTO `region` VALUES (3283, '民丰县', '653227', 'area', 3275);
INSERT INTO `region` VALUES (3284, '伊犁哈萨克自治州', '654000', 'city', 3201);
INSERT INTO `region` VALUES (3285, '伊宁市', '654002', 'area', 3284);
INSERT INTO `region` VALUES (3286, '奎屯市', '654003', 'area', 3284);
INSERT INTO `region` VALUES (3287, '霍尔果斯市', '654004', 'area', 3284);
INSERT INTO `region` VALUES (3288, '伊宁县', '654021', 'area', 3284);
INSERT INTO `region` VALUES (3289, '察布查尔锡伯自治县', '654022', 'area', 3284);
INSERT INTO `region` VALUES (3290, '霍城县', '654023', 'area', 3284);
INSERT INTO `region` VALUES (3291, '巩留县', '654024', 'area', 3284);
INSERT INTO `region` VALUES (3292, '新源县', '654025', 'area', 3284);
INSERT INTO `region` VALUES (3293, '昭苏县', '654026', 'area', 3284);
INSERT INTO `region` VALUES (3294, '特克斯县', '654027', 'area', 3284);
INSERT INTO `region` VALUES (3295, '尼勒克县', '654028', 'area', 3284);
INSERT INTO `region` VALUES (3296, '塔城地区', '654200', 'city', 3201);
INSERT INTO `region` VALUES (3297, '塔城市', '654201', 'area', 3296);
INSERT INTO `region` VALUES (3298, '乌苏市', '654202', 'area', 3296);
INSERT INTO `region` VALUES (3299, '额敏县', '654221', 'area', 3296);
INSERT INTO `region` VALUES (3300, '沙湾县', '654223', 'area', 3296);
INSERT INTO `region` VALUES (3301, '托里县', '654224', 'area', 3296);
INSERT INTO `region` VALUES (3302, '裕民县', '654225', 'area', 3296);
INSERT INTO `region` VALUES (3303, '和布克赛尔蒙古自治县', '654226', 'area', 3296);
INSERT INTO `region` VALUES (3304, '阿勒泰地区', '654300', 'city', 3201);
INSERT INTO `region` VALUES (3305, '阿勒泰市', '654301', 'area', 3304);
INSERT INTO `region` VALUES (3306, '布尔津县', '654321', 'area', 3304);
INSERT INTO `region` VALUES (3307, '富蕴县', '654322', 'area', 3304);
INSERT INTO `region` VALUES (3308, '福海县', '654323', 'area', 3304);
INSERT INTO `region` VALUES (3309, '哈巴河县', '654324', 'area', 3304);
INSERT INTO `region` VALUES (3310, '青河县', '654325', 'area', 3304);
INSERT INTO `region` VALUES (3311, '吉木乃县', '654326', 'area', 3304);
INSERT INTO `region` VALUES (3312, '自治区直辖县级行政区划', '659000', 'city', 3201);
INSERT INTO `region` VALUES (3313, '石河子市', '659001', 'area', 3312);
INSERT INTO `region` VALUES (3314, '阿拉尔市', '659002', 'area', 3312);
INSERT INTO `region` VALUES (3315, '图木舒克市', '659003', 'area', 3312);
INSERT INTO `region` VALUES (3316, '五家渠市', '659004', 'area', 3312);
INSERT INTO `region` VALUES (3317, '北屯市', '659005', 'area', 3312);
INSERT INTO `region` VALUES (3318, '铁门关市', '659006', 'area', 3312);
INSERT INTO `region` VALUES (3319, '双河市', '659007', 'area', 3312);
INSERT INTO `region` VALUES (3320, '可克达拉市', '659008', 'area', 3312);
INSERT INTO `region` VALUES (3321, '昆玉市', '659009', 'area', 3312);
INSERT INTO `region` VALUES (3322, '台湾省', '710000', 'province', 0);
INSERT INTO `region` VALUES (3323, '台北市', '710100', 'city', 3322);
INSERT INTO `region` VALUES (3324, '中正区', '710101', 'area', 3323);
INSERT INTO `region` VALUES (3325, '大同区', '710102', 'area', 3323);
INSERT INTO `region` VALUES (3326, '中山区', '710103', 'area', 3323);
INSERT INTO `region` VALUES (3327, '松山区', '710104', 'area', 3323);
INSERT INTO `region` VALUES (3328, '大安区', '710105', 'area', 3323);
INSERT INTO `region` VALUES (3329, '万华区', '710106', 'area', 3323);
INSERT INTO `region` VALUES (3330, '信义区', '710107', 'area', 3323);
INSERT INTO `region` VALUES (3331, '士林区', '710108', 'area', 3323);
INSERT INTO `region` VALUES (3332, '北投区', '710109', 'area', 3323);
INSERT INTO `region` VALUES (3333, '内湖区', '710110', 'area', 3323);
INSERT INTO `region` VALUES (3334, '南港区', '710111', 'area', 3323);
INSERT INTO `region` VALUES (3335, '文山区', '710112', 'area', 3323);
INSERT INTO `region` VALUES (3336, '高雄市', '710200', 'city', 3322);
INSERT INTO `region` VALUES (3337, '新兴区', '710201', 'area', 3336);
INSERT INTO `region` VALUES (3338, '前金区', '710202', 'area', 3336);
INSERT INTO `region` VALUES (3339, '苓雅区', '710203', 'area', 3336);
INSERT INTO `region` VALUES (3340, '盐埕区', '710204', 'area', 3336);
INSERT INTO `region` VALUES (3341, '鼓山区', '710205', 'area', 3336);
INSERT INTO `region` VALUES (3342, '旗津区', '710206', 'area', 3336);
INSERT INTO `region` VALUES (3343, '前镇区', '710207', 'area', 3336);
INSERT INTO `region` VALUES (3344, '三民区', '710208', 'area', 3336);
INSERT INTO `region` VALUES (3345, '左营区', '710209', 'area', 3336);
INSERT INTO `region` VALUES (3346, '楠梓区', '710210', 'area', 3336);
INSERT INTO `region` VALUES (3347, '小港区', '710211', 'area', 3336);
INSERT INTO `region` VALUES (3348, '仁武区', '710242', 'area', 3336);
INSERT INTO `region` VALUES (3349, '大社区', '710243', 'area', 3336);
INSERT INTO `region` VALUES (3350, '冈山区', '710244', 'area', 3336);
INSERT INTO `region` VALUES (3351, '路竹区', '710245', 'area', 3336);
INSERT INTO `region` VALUES (3352, '阿莲区', '710246', 'area', 3336);
INSERT INTO `region` VALUES (3353, '田寮区', '710247', 'area', 3336);
INSERT INTO `region` VALUES (3354, '燕巢区', '710248', 'area', 3336);
INSERT INTO `region` VALUES (3355, '桥头区', '710249', 'area', 3336);
INSERT INTO `region` VALUES (3356, '梓官区', '710250', 'area', 3336);
INSERT INTO `region` VALUES (3357, '弥陀区', '710251', 'area', 3336);
INSERT INTO `region` VALUES (3358, '永安区', '710252', 'area', 3336);
INSERT INTO `region` VALUES (3359, '湖内区', '710253', 'area', 3336);
INSERT INTO `region` VALUES (3360, '凤山区', '710254', 'area', 3336);
INSERT INTO `region` VALUES (3361, '大寮区', '710255', 'area', 3336);
INSERT INTO `region` VALUES (3362, '林园区', '710256', 'area', 3336);
INSERT INTO `region` VALUES (3363, '鸟松区', '710257', 'area', 3336);
INSERT INTO `region` VALUES (3364, '大树区', '710258', 'area', 3336);
INSERT INTO `region` VALUES (3365, '旗山区', '710259', 'area', 3336);
INSERT INTO `region` VALUES (3366, '美浓区', '710260', 'area', 3336);
INSERT INTO `region` VALUES (3367, '六龟区', '710261', 'area', 3336);
INSERT INTO `region` VALUES (3368, '内门区', '710262', 'area', 3336);
INSERT INTO `region` VALUES (3369, '杉林区', '710263', 'area', 3336);
INSERT INTO `region` VALUES (3370, '甲仙区', '710264', 'area', 3336);
INSERT INTO `region` VALUES (3371, '桃源区', '710265', 'area', 3336);
INSERT INTO `region` VALUES (3372, '那玛夏区', '710266', 'area', 3336);
INSERT INTO `region` VALUES (3373, '茂林区', '710267', 'area', 3336);
INSERT INTO `region` VALUES (3374, '茄萣区', '710268', 'area', 3336);
INSERT INTO `region` VALUES (3375, '台南市', '710300', 'city', 3322);
INSERT INTO `region` VALUES (3376, '中西区', '710301', 'area', 3375);
INSERT INTO `region` VALUES (3377, '东区', '710302', 'area', 3375);
INSERT INTO `region` VALUES (3378, '南区', '710303', 'area', 3375);
INSERT INTO `region` VALUES (3379, '北区', '710304', 'area', 3375);
INSERT INTO `region` VALUES (3380, '安平区', '710305', 'area', 3375);
INSERT INTO `region` VALUES (3381, '安南区', '710306', 'area', 3375);
INSERT INTO `region` VALUES (3382, '永康区', '710339', 'area', 3375);
INSERT INTO `region` VALUES (3383, '归仁区', '710340', 'area', 3375);
INSERT INTO `region` VALUES (3384, '新化区', '710341', 'area', 3375);
INSERT INTO `region` VALUES (3385, '左镇区', '710342', 'area', 3375);
INSERT INTO `region` VALUES (3386, '玉井区', '710343', 'area', 3375);
INSERT INTO `region` VALUES (3387, '楠西区', '710344', 'area', 3375);
INSERT INTO `region` VALUES (3388, '南化区', '710345', 'area', 3375);
INSERT INTO `region` VALUES (3389, '仁德区', '710346', 'area', 3375);
INSERT INTO `region` VALUES (3390, '关庙区', '710347', 'area', 3375);
INSERT INTO `region` VALUES (3391, '龙崎区', '710348', 'area', 3375);
INSERT INTO `region` VALUES (3392, '官田区', '710349', 'area', 3375);
INSERT INTO `region` VALUES (3393, '麻豆区', '710350', 'area', 3375);
INSERT INTO `region` VALUES (3394, '佳里区', '710351', 'area', 3375);
INSERT INTO `region` VALUES (3395, '西港区', '710352', 'area', 3375);
INSERT INTO `region` VALUES (3396, '七股区', '710353', 'area', 3375);
INSERT INTO `region` VALUES (3397, '将军区', '710354', 'area', 3375);
INSERT INTO `region` VALUES (3398, '学甲区', '710355', 'area', 3375);
INSERT INTO `region` VALUES (3399, '北门区', '710356', 'area', 3375);
INSERT INTO `region` VALUES (3400, '新营区', '710357', 'area', 3375);
INSERT INTO `region` VALUES (3401, '后壁区', '710358', 'area', 3375);
INSERT INTO `region` VALUES (3402, '白河区', '710359', 'area', 3375);
INSERT INTO `region` VALUES (3403, '东山区', '710360', 'area', 3375);
INSERT INTO `region` VALUES (3404, '六甲区', '710361', 'area', 3375);
INSERT INTO `region` VALUES (3405, '下营区', '710362', 'area', 3375);
INSERT INTO `region` VALUES (3406, '柳营区', '710363', 'area', 3375);
INSERT INTO `region` VALUES (3407, '盐水区', '710364', 'area', 3375);
INSERT INTO `region` VALUES (3408, '善化区', '710365', 'area', 3375);
INSERT INTO `region` VALUES (3409, '大内区', '710366', 'area', 3375);
INSERT INTO `region` VALUES (3410, '山上区', '710367', 'area', 3375);
INSERT INTO `region` VALUES (3411, '新市区', '710368', 'area', 3375);
INSERT INTO `region` VALUES (3412, '安定区', '710369', 'area', 3375);
INSERT INTO `region` VALUES (3413, '台中市', '710400', 'city', 3322);
INSERT INTO `region` VALUES (3414, '中区', '710401', 'area', 3413);
INSERT INTO `region` VALUES (3415, '东区', '710402', 'area', 3413);
INSERT INTO `region` VALUES (3416, '南区', '710403', 'area', 3413);
INSERT INTO `region` VALUES (3417, '西区', '710404', 'area', 3413);
INSERT INTO `region` VALUES (3418, '北区', '710405', 'area', 3413);
INSERT INTO `region` VALUES (3419, '北屯区', '710406', 'area', 3413);
INSERT INTO `region` VALUES (3420, '西屯区', '710407', 'area', 3413);
INSERT INTO `region` VALUES (3421, '南屯区', '710408', 'area', 3413);
INSERT INTO `region` VALUES (3422, '太平区', '710431', 'area', 3413);
INSERT INTO `region` VALUES (3423, '大里区', '710432', 'area', 3413);
INSERT INTO `region` VALUES (3424, '雾峰区', '710433', 'area', 3413);
INSERT INTO `region` VALUES (3425, '乌日区', '710434', 'area', 3413);
INSERT INTO `region` VALUES (3426, '丰原区', '710435', 'area', 3413);
INSERT INTO `region` VALUES (3427, '后里区', '710436', 'area', 3413);
INSERT INTO `region` VALUES (3428, '石冈区', '710437', 'area', 3413);
INSERT INTO `region` VALUES (3429, '东势区', '710438', 'area', 3413);
INSERT INTO `region` VALUES (3430, '和平区', '710439', 'area', 3413);
INSERT INTO `region` VALUES (3431, '新社区', '710440', 'area', 3413);
INSERT INTO `region` VALUES (3432, '潭子区', '710441', 'area', 3413);
INSERT INTO `region` VALUES (3433, '大雅区', '710442', 'area', 3413);
INSERT INTO `region` VALUES (3434, '神冈区', '710443', 'area', 3413);
INSERT INTO `region` VALUES (3435, '大肚区', '710444', 'area', 3413);
INSERT INTO `region` VALUES (3436, '沙鹿区', '710445', 'area', 3413);
INSERT INTO `region` VALUES (3437, '龙井区', '710446', 'area', 3413);
INSERT INTO `region` VALUES (3438, '梧栖区', '710447', 'area', 3413);
INSERT INTO `region` VALUES (3439, '清水区', '710448', 'area', 3413);
INSERT INTO `region` VALUES (3440, '大甲区', '710449', 'area', 3413);
INSERT INTO `region` VALUES (3441, '外埔区', '710450', 'area', 3413);
INSERT INTO `region` VALUES (3442, '大安区', '710451', 'area', 3413);
INSERT INTO `region` VALUES (3443, '南投县', '710600', 'city', 3322);
INSERT INTO `region` VALUES (3444, '南投市', '710614', 'area', 3443);
INSERT INTO `region` VALUES (3445, '中寮乡', '710615', 'area', 3443);
INSERT INTO `region` VALUES (3446, '草屯镇', '710616', 'area', 3443);
INSERT INTO `region` VALUES (3447, '国姓乡', '710617', 'area', 3443);
INSERT INTO `region` VALUES (3448, '埔里镇', '710618', 'area', 3443);
INSERT INTO `region` VALUES (3449, '仁爱乡', '710619', 'area', 3443);
INSERT INTO `region` VALUES (3450, '名间乡', '710620', 'area', 3443);
INSERT INTO `region` VALUES (3451, '集集镇', '710621', 'area', 3443);
INSERT INTO `region` VALUES (3452, '水里乡', '710622', 'area', 3443);
INSERT INTO `region` VALUES (3453, '鱼池乡', '710623', 'area', 3443);
INSERT INTO `region` VALUES (3454, '信义乡', '710624', 'area', 3443);
INSERT INTO `region` VALUES (3455, '竹山镇', '710625', 'area', 3443);
INSERT INTO `region` VALUES (3456, '鹿谷乡', '710626', 'area', 3443);
INSERT INTO `region` VALUES (3457, '基隆市', '710700', 'city', 3322);
INSERT INTO `region` VALUES (3458, '仁爱区', '710701', 'area', 3457);
INSERT INTO `region` VALUES (3459, '信义区', '710702', 'area', 3457);
INSERT INTO `region` VALUES (3460, '中正区', '710703', 'area', 3457);
INSERT INTO `region` VALUES (3461, '中山区', '710704', 'area', 3457);
INSERT INTO `region` VALUES (3462, '安乐区', '710705', 'area', 3457);
INSERT INTO `region` VALUES (3463, '暖暖区', '710706', 'area', 3457);
INSERT INTO `region` VALUES (3464, '七堵区', '710707', 'area', 3457);
INSERT INTO `region` VALUES (3465, '新竹市', '710800', 'city', 3322);
INSERT INTO `region` VALUES (3466, '东区', '710801', 'area', 3465);
INSERT INTO `region` VALUES (3467, '北区', '710802', 'area', 3465);
INSERT INTO `region` VALUES (3468, '香山区', '710803', 'area', 3465);
INSERT INTO `region` VALUES (3469, '嘉义市', '710900', 'city', 3322);
INSERT INTO `region` VALUES (3470, '东区', '710901', 'area', 3469);
INSERT INTO `region` VALUES (3471, '西区', '710902', 'area', 3469);
INSERT INTO `region` VALUES (3472, '新北市', '711100', 'city', 3322);
INSERT INTO `region` VALUES (3473, '万里区', '711130', 'area', 3472);
INSERT INTO `region` VALUES (3474, '金山区', '711131', 'area', 3472);
INSERT INTO `region` VALUES (3475, '板桥区', '711132', 'area', 3472);
INSERT INTO `region` VALUES (3476, '汐止区', '711133', 'area', 3472);
INSERT INTO `region` VALUES (3477, '深坑区', '711134', 'area', 3472);
INSERT INTO `region` VALUES (3478, '石碇区', '711135', 'area', 3472);
INSERT INTO `region` VALUES (3479, '瑞芳区', '711136', 'area', 3472);
INSERT INTO `region` VALUES (3480, '平溪区', '711137', 'area', 3472);
INSERT INTO `region` VALUES (3481, '双溪区', '711138', 'area', 3472);
INSERT INTO `region` VALUES (3482, '贡寮区', '711139', 'area', 3472);
INSERT INTO `region` VALUES (3483, '新店区', '711140', 'area', 3472);
INSERT INTO `region` VALUES (3484, '坪林区', '711141', 'area', 3472);
INSERT INTO `region` VALUES (3485, '乌来区', '711142', 'area', 3472);
INSERT INTO `region` VALUES (3486, '永和区', '711143', 'area', 3472);
INSERT INTO `region` VALUES (3487, '中和区', '711144', 'area', 3472);
INSERT INTO `region` VALUES (3488, '土城区', '711145', 'area', 3472);
INSERT INTO `region` VALUES (3489, '三峡区', '711146', 'area', 3472);
INSERT INTO `region` VALUES (3490, '树林区', '711147', 'area', 3472);
INSERT INTO `region` VALUES (3491, '莺歌区', '711148', 'area', 3472);
INSERT INTO `region` VALUES (3492, '三重区', '711149', 'area', 3472);
INSERT INTO `region` VALUES (3493, '新庄区', '711150', 'area', 3472);
INSERT INTO `region` VALUES (3494, '泰山区', '711151', 'area', 3472);
INSERT INTO `region` VALUES (3495, '林口区', '711152', 'area', 3472);
INSERT INTO `region` VALUES (3496, '芦洲区', '711153', 'area', 3472);
INSERT INTO `region` VALUES (3497, '五股区', '711154', 'area', 3472);
INSERT INTO `region` VALUES (3498, '八里区', '711155', 'area', 3472);
INSERT INTO `region` VALUES (3499, '淡水区', '711156', 'area', 3472);
INSERT INTO `region` VALUES (3500, '三芝区', '711157', 'area', 3472);
INSERT INTO `region` VALUES (3501, '石门区', '711158', 'area', 3472);
INSERT INTO `region` VALUES (3502, '宜兰县', '711200', 'city', 3322);
INSERT INTO `region` VALUES (3503, '宜兰市', '711214', 'area', 3502);
INSERT INTO `region` VALUES (3504, '头城镇', '711215', 'area', 3502);
INSERT INTO `region` VALUES (3505, '礁溪乡', '711216', 'area', 3502);
INSERT INTO `region` VALUES (3506, '壮围乡', '711217', 'area', 3502);
INSERT INTO `region` VALUES (3507, '员山乡', '711218', 'area', 3502);
INSERT INTO `region` VALUES (3508, '罗东镇', '711219', 'area', 3502);
INSERT INTO `region` VALUES (3509, '三星乡', '711220', 'area', 3502);
INSERT INTO `region` VALUES (3510, '大同乡', '711221', 'area', 3502);
INSERT INTO `region` VALUES (3511, '五结乡', '711222', 'area', 3502);
INSERT INTO `region` VALUES (3512, '冬山乡', '711223', 'area', 3502);
INSERT INTO `region` VALUES (3513, '苏澳镇', '711224', 'area', 3502);
INSERT INTO `region` VALUES (3514, '南澳乡', '711225', 'area', 3502);
INSERT INTO `region` VALUES (3515, '新竹县', '711300', 'city', 3322);
INSERT INTO `region` VALUES (3516, '竹北市', '711314', 'area', 3515);
INSERT INTO `region` VALUES (3517, '湖口乡', '711315', 'area', 3515);
INSERT INTO `region` VALUES (3518, '新丰乡', '711316', 'area', 3515);
INSERT INTO `region` VALUES (3519, '新埔镇', '711317', 'area', 3515);
INSERT INTO `region` VALUES (3520, '关西镇', '711318', 'area', 3515);
INSERT INTO `region` VALUES (3521, '芎林乡', '711319', 'area', 3515);
INSERT INTO `region` VALUES (3522, '宝山乡', '711320', 'area', 3515);
INSERT INTO `region` VALUES (3523, '竹东镇', '711321', 'area', 3515);
INSERT INTO `region` VALUES (3524, '五峰乡', '711322', 'area', 3515);
INSERT INTO `region` VALUES (3525, '横山乡', '711323', 'area', 3515);
INSERT INTO `region` VALUES (3526, '尖石乡', '711324', 'area', 3515);
INSERT INTO `region` VALUES (3527, '北埔乡', '711325', 'area', 3515);
INSERT INTO `region` VALUES (3528, '峨眉乡', '711326', 'area', 3515);
INSERT INTO `region` VALUES (3529, '桃园市', '711400', 'city', 3322);
INSERT INTO `region` VALUES (3530, '中坜区', '711414', 'area', 3529);
INSERT INTO `region` VALUES (3531, '平镇区', '711415', 'area', 3529);
INSERT INTO `region` VALUES (3532, '龙潭区', '711416', 'area', 3529);
INSERT INTO `region` VALUES (3533, '杨梅区', '711417', 'area', 3529);
INSERT INTO `region` VALUES (3534, '新屋区', '711418', 'area', 3529);
INSERT INTO `region` VALUES (3535, '观音区', '711419', 'area', 3529);
INSERT INTO `region` VALUES (3536, '桃园区', '711420', 'area', 3529);
INSERT INTO `region` VALUES (3537, '龟山区', '711421', 'area', 3529);
INSERT INTO `region` VALUES (3538, '八德区', '711422', 'area', 3529);
INSERT INTO `region` VALUES (3539, '大溪区', '711423', 'area', 3529);
INSERT INTO `region` VALUES (3540, '复兴区', '711424', 'area', 3529);
INSERT INTO `region` VALUES (3541, '大园区', '711425', 'area', 3529);
INSERT INTO `region` VALUES (3542, '芦竹区', '711426', 'area', 3529);
INSERT INTO `region` VALUES (3543, '苗栗县', '711500', 'city', 3322);
INSERT INTO `region` VALUES (3544, '竹南镇', '711519', 'area', 3543);
INSERT INTO `region` VALUES (3545, '头份市', '711520', 'area', 3543);
INSERT INTO `region` VALUES (3546, '三湾乡', '711521', 'area', 3543);
INSERT INTO `region` VALUES (3547, '南庄乡', '711522', 'area', 3543);
INSERT INTO `region` VALUES (3548, '狮潭乡', '711523', 'area', 3543);
INSERT INTO `region` VALUES (3549, '后龙镇', '711524', 'area', 3543);
INSERT INTO `region` VALUES (3550, '通霄镇', '711525', 'area', 3543);
INSERT INTO `region` VALUES (3551, '苑里镇', '711526', 'area', 3543);
INSERT INTO `region` VALUES (3552, '苗栗市', '711527', 'area', 3543);
INSERT INTO `region` VALUES (3553, '造桥乡', '711528', 'area', 3543);
INSERT INTO `region` VALUES (3554, '头屋乡', '711529', 'area', 3543);
INSERT INTO `region` VALUES (3555, '公馆乡', '711530', 'area', 3543);
INSERT INTO `region` VALUES (3556, '大湖乡', '711531', 'area', 3543);
INSERT INTO `region` VALUES (3557, '泰安乡', '711532', 'area', 3543);
INSERT INTO `region` VALUES (3558, '铜锣乡', '711533', 'area', 3543);
INSERT INTO `region` VALUES (3559, '三义乡', '711534', 'area', 3543);
INSERT INTO `region` VALUES (3560, '西湖乡', '711535', 'area', 3543);
INSERT INTO `region` VALUES (3561, '卓兰镇', '711536', 'area', 3543);
INSERT INTO `region` VALUES (3562, '彰化县', '711700', 'city', 3322);
INSERT INTO `region` VALUES (3563, '彰化市', '711727', 'area', 3562);
INSERT INTO `region` VALUES (3564, '芬园乡', '711728', 'area', 3562);
INSERT INTO `region` VALUES (3565, '花坛乡', '711729', 'area', 3562);
INSERT INTO `region` VALUES (3566, '秀水乡', '711730', 'area', 3562);
INSERT INTO `region` VALUES (3567, '鹿港镇', '711731', 'area', 3562);
INSERT INTO `region` VALUES (3568, '福兴乡', '711732', 'area', 3562);
INSERT INTO `region` VALUES (3569, '线西乡', '711733', 'area', 3562);
INSERT INTO `region` VALUES (3570, '和美镇', '711734', 'area', 3562);
INSERT INTO `region` VALUES (3571, '伸港乡', '711735', 'area', 3562);
INSERT INTO `region` VALUES (3572, '员林市', '711736', 'area', 3562);
INSERT INTO `region` VALUES (3573, '社头乡', '711737', 'area', 3562);
INSERT INTO `region` VALUES (3574, '永靖乡', '711738', 'area', 3562);
INSERT INTO `region` VALUES (3575, '埔心乡', '711739', 'area', 3562);
INSERT INTO `region` VALUES (3576, '溪湖镇', '711740', 'area', 3562);
INSERT INTO `region` VALUES (3577, '大村乡', '711741', 'area', 3562);
INSERT INTO `region` VALUES (3578, '埔盐乡', '711742', 'area', 3562);
INSERT INTO `region` VALUES (3579, '田中镇', '711743', 'area', 3562);
INSERT INTO `region` VALUES (3580, '北斗镇', '711744', 'area', 3562);
INSERT INTO `region` VALUES (3581, '田尾乡', '711745', 'area', 3562);
INSERT INTO `region` VALUES (3582, '埤头乡', '711746', 'area', 3562);
INSERT INTO `region` VALUES (3583, '溪州乡', '711747', 'area', 3562);
INSERT INTO `region` VALUES (3584, '竹塘乡', '711748', 'area', 3562);
INSERT INTO `region` VALUES (3585, '二林镇', '711749', 'area', 3562);
INSERT INTO `region` VALUES (3586, '大城乡', '711750', 'area', 3562);
INSERT INTO `region` VALUES (3587, '芳苑乡', '711751', 'area', 3562);
INSERT INTO `region` VALUES (3588, '二水乡', '711752', 'area', 3562);
INSERT INTO `region` VALUES (3589, '嘉义县', '711900', 'city', 3322);
INSERT INTO `region` VALUES (3590, '番路乡', '711919', 'area', 3589);
INSERT INTO `region` VALUES (3591, '梅山乡', '711920', 'area', 3589);
INSERT INTO `region` VALUES (3592, '竹崎乡', '711921', 'area', 3589);
INSERT INTO `region` VALUES (3593, '阿里山乡', '711922', 'area', 3589);
INSERT INTO `region` VALUES (3594, '中埔乡', '711923', 'area', 3589);
INSERT INTO `region` VALUES (3595, '大埔乡', '711924', 'area', 3589);
INSERT INTO `region` VALUES (3596, '水上乡', '711925', 'area', 3589);
INSERT INTO `region` VALUES (3597, '鹿草乡', '711926', 'area', 3589);
INSERT INTO `region` VALUES (3598, '太保市', '711927', 'area', 3589);
INSERT INTO `region` VALUES (3599, '朴子市', '711928', 'area', 3589);
INSERT INTO `region` VALUES (3600, '东石乡', '711929', 'area', 3589);
INSERT INTO `region` VALUES (3601, '六脚乡', '711930', 'area', 3589);
INSERT INTO `region` VALUES (3602, '新港乡', '711931', 'area', 3589);
INSERT INTO `region` VALUES (3603, '民雄乡', '711932', 'area', 3589);
INSERT INTO `region` VALUES (3604, '大林镇', '711933', 'area', 3589);
INSERT INTO `region` VALUES (3605, '溪口乡', '711934', 'area', 3589);
INSERT INTO `region` VALUES (3606, '义竹乡', '711935', 'area', 3589);
INSERT INTO `region` VALUES (3607, '布袋镇', '711936', 'area', 3589);
INSERT INTO `region` VALUES (3608, '云林县', '712100', 'city', 3322);
INSERT INTO `region` VALUES (3609, '斗南镇', '712121', 'area', 3608);
INSERT INTO `region` VALUES (3610, '大埤乡', '712122', 'area', 3608);
INSERT INTO `region` VALUES (3611, '虎尾镇', '712123', 'area', 3608);
INSERT INTO `region` VALUES (3612, '土库镇', '712124', 'area', 3608);
INSERT INTO `region` VALUES (3613, '褒忠乡', '712125', 'area', 3608);
INSERT INTO `region` VALUES (3614, '东势乡', '712126', 'area', 3608);
INSERT INTO `region` VALUES (3615, '台西乡', '712127', 'area', 3608);
INSERT INTO `region` VALUES (3616, '仑背乡', '712128', 'area', 3608);
INSERT INTO `region` VALUES (3617, '麦寮乡', '712129', 'area', 3608);
INSERT INTO `region` VALUES (3618, '斗六市', '712130', 'area', 3608);
INSERT INTO `region` VALUES (3619, '林内乡', '712131', 'area', 3608);
INSERT INTO `region` VALUES (3620, '古坑乡', '712132', 'area', 3608);
INSERT INTO `region` VALUES (3621, '莿桐乡', '712133', 'area', 3608);
INSERT INTO `region` VALUES (3622, '西螺镇', '712134', 'area', 3608);
INSERT INTO `region` VALUES (3623, '二仑乡', '712135', 'area', 3608);
INSERT INTO `region` VALUES (3624, '北港镇', '712136', 'area', 3608);
INSERT INTO `region` VALUES (3625, '水林乡', '712137', 'area', 3608);
INSERT INTO `region` VALUES (3626, '口湖乡', '712138', 'area', 3608);
INSERT INTO `region` VALUES (3627, '四湖乡', '712139', 'area', 3608);
INSERT INTO `region` VALUES (3628, '元长乡', '712140', 'area', 3608);
INSERT INTO `region` VALUES (3629, '屏东县', '712400', 'city', 3322);
INSERT INTO `region` VALUES (3630, '屏东市', '712434', 'area', 3629);
INSERT INTO `region` VALUES (3631, '三地门乡', '712435', 'area', 3629);
INSERT INTO `region` VALUES (3632, '雾台乡', '712436', 'area', 3629);
INSERT INTO `region` VALUES (3633, '玛家乡', '712437', 'area', 3629);
INSERT INTO `region` VALUES (3634, '九如乡', '712438', 'area', 3629);
INSERT INTO `region` VALUES (3635, '里港乡', '712439', 'area', 3629);
INSERT INTO `region` VALUES (3636, '高树乡', '712440', 'area', 3629);
INSERT INTO `region` VALUES (3637, '盐埔乡', '712441', 'area', 3629);
INSERT INTO `region` VALUES (3638, '长治乡', '712442', 'area', 3629);
INSERT INTO `region` VALUES (3639, '麟洛乡', '712443', 'area', 3629);
INSERT INTO `region` VALUES (3640, '竹田乡', '712444', 'area', 3629);
INSERT INTO `region` VALUES (3641, '内埔乡', '712445', 'area', 3629);
INSERT INTO `region` VALUES (3642, '万丹乡', '712446', 'area', 3629);
INSERT INTO `region` VALUES (3643, '潮州镇', '712447', 'area', 3629);
INSERT INTO `region` VALUES (3644, '泰武乡', '712448', 'area', 3629);
INSERT INTO `region` VALUES (3645, '来义乡', '712449', 'area', 3629);
INSERT INTO `region` VALUES (3646, '万峦乡', '712450', 'area', 3629);
INSERT INTO `region` VALUES (3647, '崁顶乡', '712451', 'area', 3629);
INSERT INTO `region` VALUES (3648, '新埤乡', '712452', 'area', 3629);
INSERT INTO `region` VALUES (3649, '南州乡', '712453', 'area', 3629);
INSERT INTO `region` VALUES (3650, '林边乡', '712454', 'area', 3629);
INSERT INTO `region` VALUES (3651, '东港镇', '712455', 'area', 3629);
INSERT INTO `region` VALUES (3652, '琉球乡', '712456', 'area', 3629);
INSERT INTO `region` VALUES (3653, '佳冬乡', '712457', 'area', 3629);
INSERT INTO `region` VALUES (3654, '新园乡', '712458', 'area', 3629);
INSERT INTO `region` VALUES (3655, '枋寮乡', '712459', 'area', 3629);
INSERT INTO `region` VALUES (3656, '枋山乡', '712460', 'area', 3629);
INSERT INTO `region` VALUES (3657, '春日乡', '712461', 'area', 3629);
INSERT INTO `region` VALUES (3658, '狮子乡', '712462', 'area', 3629);
INSERT INTO `region` VALUES (3659, '车城乡', '712463', 'area', 3629);
INSERT INTO `region` VALUES (3660, '牡丹乡', '712464', 'area', 3629);
INSERT INTO `region` VALUES (3661, '恒春镇', '712465', 'area', 3629);
INSERT INTO `region` VALUES (3662, '满州乡', '712466', 'area', 3629);
INSERT INTO `region` VALUES (3663, '台东县', '712500', 'city', 3322);
INSERT INTO `region` VALUES (3664, '台东市', '712517', 'area', 3663);
INSERT INTO `region` VALUES (3665, '绿岛乡', '712518', 'area', 3663);
INSERT INTO `region` VALUES (3666, '兰屿乡', '712519', 'area', 3663);
INSERT INTO `region` VALUES (3667, '延平乡', '712520', 'area', 3663);
INSERT INTO `region` VALUES (3668, '卑南乡', '712521', 'area', 3663);
INSERT INTO `region` VALUES (3669, '鹿野乡', '712522', 'area', 3663);
INSERT INTO `region` VALUES (3670, '关山镇', '712523', 'area', 3663);
INSERT INTO `region` VALUES (3671, '海端乡', '712524', 'area', 3663);
INSERT INTO `region` VALUES (3672, '池上乡', '712525', 'area', 3663);
INSERT INTO `region` VALUES (3673, '东河乡', '712526', 'area', 3663);
INSERT INTO `region` VALUES (3674, '成功镇', '712527', 'area', 3663);
INSERT INTO `region` VALUES (3675, '长滨乡', '712528', 'area', 3663);
INSERT INTO `region` VALUES (3676, '金峰乡', '712529', 'area', 3663);
INSERT INTO `region` VALUES (3677, '大武乡', '712530', 'area', 3663);
INSERT INTO `region` VALUES (3678, '达仁乡', '712531', 'area', 3663);
INSERT INTO `region` VALUES (3679, '太麻里乡', '712532', 'area', 3663);
INSERT INTO `region` VALUES (3680, '花莲县', '712600', 'city', 3322);
INSERT INTO `region` VALUES (3681, '花莲市', '712615', 'area', 3680);
INSERT INTO `region` VALUES (3682, '新城乡', '712616', 'area', 3680);
INSERT INTO `region` VALUES (3683, '秀林乡', '712618', 'area', 3680);
INSERT INTO `region` VALUES (3684, '吉安乡', '712619', 'area', 3680);
INSERT INTO `region` VALUES (3685, '寿丰乡', '712620', 'area', 3680);
INSERT INTO `region` VALUES (3686, '凤林镇', '712621', 'area', 3680);
INSERT INTO `region` VALUES (3687, '光复乡', '712622', 'area', 3680);
INSERT INTO `region` VALUES (3688, '丰滨乡', '712623', 'area', 3680);
INSERT INTO `region` VALUES (3689, '瑞穗乡', '712624', 'area', 3680);
INSERT INTO `region` VALUES (3690, '万荣乡', '712625', 'area', 3680);
INSERT INTO `region` VALUES (3691, '玉里镇', '712626', 'area', 3680);
INSERT INTO `region` VALUES (3692, '卓溪乡', '712627', 'area', 3680);
INSERT INTO `region` VALUES (3693, '富里乡', '712628', 'area', 3680);
INSERT INTO `region` VALUES (3694, '澎湖县', '712700', 'city', 3322);
INSERT INTO `region` VALUES (3695, '马公市', '712707', 'area', 3694);
INSERT INTO `region` VALUES (3696, '西屿乡', '712708', 'area', 3694);
INSERT INTO `region` VALUES (3697, '望安乡', '712709', 'area', 3694);
INSERT INTO `region` VALUES (3698, '七美乡', '712710', 'area', 3694);
INSERT INTO `region` VALUES (3699, '白沙乡', '712711', 'area', 3694);
INSERT INTO `region` VALUES (3700, '湖西乡', '712712', 'area', 3694);
INSERT INTO `region` VALUES (3701, '香港特别行政区', '810000', 'province', 0);
INSERT INTO `region` VALUES (3702, '香港特别行政区', '810100', 'city', 3701);
INSERT INTO `region` VALUES (3703, '中西区', '810101', 'area', 3702);
INSERT INTO `region` VALUES (3704, '东区', '810102', 'area', 3702);
INSERT INTO `region` VALUES (3705, '九龙城区', '810103', 'area', 3702);
INSERT INTO `region` VALUES (3706, '观塘区', '810104', 'area', 3702);
INSERT INTO `region` VALUES (3707, '南区', '810105', 'area', 3702);
INSERT INTO `region` VALUES (3708, '深水埗区', '810106', 'area', 3702);
INSERT INTO `region` VALUES (3709, '湾仔区', '810107', 'area', 3702);
INSERT INTO `region` VALUES (3710, '黄大仙区', '810108', 'area', 3702);
INSERT INTO `region` VALUES (3711, '油尖旺区', '810109', 'area', 3702);
INSERT INTO `region` VALUES (3712, '离岛区', '810110', 'area', 3702);
INSERT INTO `region` VALUES (3713, '葵青区', '810111', 'area', 3702);
INSERT INTO `region` VALUES (3714, '北区', '810112', 'area', 3702);
INSERT INTO `region` VALUES (3715, '西贡区', '810113', 'area', 3702);
INSERT INTO `region` VALUES (3716, '沙田区', '810114', 'area', 3702);
INSERT INTO `region` VALUES (3717, '屯门区', '810115', 'area', 3702);
INSERT INTO `region` VALUES (3718, '大埔区', '810116', 'area', 3702);
INSERT INTO `region` VALUES (3719, '荃湾区', '810117', 'area', 3702);
INSERT INTO `region` VALUES (3720, '元朗区', '810118', 'area', 3702);
INSERT INTO `region` VALUES (3721, '澳门特别行政区', '820000', 'province', 0);
INSERT INTO `region` VALUES (3722, '澳门特别行政区', '820100', 'city', 3721);
INSERT INTO `region` VALUES (3723, '澳门半岛', '820101', 'area', 3722);
INSERT INTO `region` VALUES (3724, '凼仔', '820102', 'area', 3722);
INSERT INTO `region` VALUES (3725, '路凼城', '820103', 'area', 3722);
INSERT INTO `region` VALUES (3726, '路环', '820104', 'area', 3722);

-- ----------------------------
-- Table structure for role
-- ----------------------------
DROP TABLE IF EXISTS `role`;
CREATE TABLE `role`  (
  `id` bigint(0) NOT NULL AUTO_INCREMENT COMMENT '主键id',
  `name` varchar(255) CHARACTER SET utf8 COLLATE utf8_general_ci NOT NULL COMMENT '角色名称',
  `remark` varchar(255) CHARACTER SET utf8 COLLATE utf8_general_ci NULL DEFAULT NULL COMMENT '角色描述',
  `create_user_id` bigint(0) NULL DEFAULT NULL COMMENT '创建人id',
  `create_time` datetime(0) NULL DEFAULT NULL COMMENT '创建时间',
  PRIMARY KEY (`id`) USING BTREE
) ENGINE = InnoDB AUTO_INCREMENT = 4 CHARACTER SET = utf8 COLLATE = utf8_general_ci ROW_FORMAT = Dynamic;

-- ----------------------------
-- Records of role
-- ----------------------------
INSERT INTO `role` VALUES (1, '平台管理员', '平台管理员负责整个平台的运营管理', 1, '2022-01-18 10:50:49');
INSERT INTO `role` VALUES (2, '入驻商户', '第三方商家是入驻申请而来，经营自己的店铺', 1, '2022-01-18 11:16:27');
INSERT INTO `role` VALUES (3, '平台自营商户', '平台自营商户属于平台所有，由平台下发账号，店铺由自营商家参与管理', 1, '2022-01-19 10:42:47');

-- ----------------------------
-- Table structure for role_menu
-- ----------------------------
DROP TABLE IF EXISTS `role_menu`;
CREATE TABLE `role_menu`  (
  `id` bigint(0) NOT NULL AUTO_INCREMENT COMMENT '主键id',
  `role_id` bigint(0) NULL DEFAULT NULL COMMENT '角色id',
  `menu_id` bigint(0) NULL DEFAULT NULL COMMENT '菜单id',
  PRIMARY KEY (`id`) USING BTREE
) ENGINE = InnoDB AUTO_INCREMENT = 805 CHARACTER SET = utf8 COLLATE = utf8_general_ci ROW_FORMAT = Dynamic;

-- ----------------------------
-- Records of role_menu
-- ----------------------------
INSERT INTO `role_menu` VALUES (395, 2, 31);
INSERT INTO `role_menu` VALUES (396, 2, 32);
INSERT INTO `role_menu` VALUES (397, 2, 44);
INSERT INTO `role_menu` VALUES (398, 2, 45);
INSERT INTO `role_menu` VALUES (399, 2, 46);
INSERT INTO `role_menu` VALUES (400, 2, 47);
INSERT INTO `role_menu` VALUES (401, 2, 55);
INSERT INTO `role_menu` VALUES (402, 2, 34);
INSERT INTO `role_menu` VALUES (403, 2, 51);
INSERT INTO `role_menu` VALUES (404, 2, 52);
INSERT INTO `role_menu` VALUES (405, 2, 53);
INSERT INTO `role_menu` VALUES (406, 2, 54);
INSERT INTO `role_menu` VALUES (407, 2, 56);
INSERT INTO `role_menu` VALUES (408, 2, 41);
INSERT INTO `role_menu` VALUES (409, 2, 42);
INSERT INTO `role_menu` VALUES (410, 2, 78);
INSERT INTO `role_menu` VALUES (411, 2, 79);
INSERT INTO `role_menu` VALUES (412, 2, 80);
INSERT INTO `role_menu` VALUES (413, 2, 81);
INSERT INTO `role_menu` VALUES (414, 2, 82);
INSERT INTO `role_menu` VALUES (415, 2, 83);
INSERT INTO `role_menu` VALUES (416, 2, 84);
INSERT INTO `role_menu` VALUES (417, 2, 85);
INSERT INTO `role_menu` VALUES (418, 2, 43);
INSERT INTO `role_menu` VALUES (419, 2, 86);
INSERT INTO `role_menu` VALUES (420, 2, 87);
INSERT INTO `role_menu` VALUES (421, 2, 88);
INSERT INTO `role_menu` VALUES (422, 2, 89);
INSERT INTO `role_menu` VALUES (423, 2, 90);
INSERT INTO `role_menu` VALUES (424, 2, 91);
INSERT INTO `role_menu` VALUES (425, 2, 92);
INSERT INTO `role_menu` VALUES (509, 3, 32);
INSERT INTO `role_menu` VALUES (510, 3, 44);
INSERT INTO `role_menu` VALUES (511, 3, 45);
INSERT INTO `role_menu` VALUES (512, 3, 46);
INSERT INTO `role_menu` VALUES (513, 3, 47);
INSERT INTO `role_menu` VALUES (514, 3, 55);
INSERT INTO `role_menu` VALUES (515, 3, 34);
INSERT INTO `role_menu` VALUES (516, 3, 51);
INSERT INTO `role_menu` VALUES (517, 3, 52);
INSERT INTO `role_menu` VALUES (518, 3, 53);
INSERT INTO `role_menu` VALUES (519, 3, 54);
INSERT INTO `role_menu` VALUES (520, 3, 56);
INSERT INTO `role_menu` VALUES (521, 3, 41);
INSERT INTO `role_menu` VALUES (522, 3, 42);
INSERT INTO `role_menu` VALUES (523, 3, 78);
INSERT INTO `role_menu` VALUES (524, 3, 79);
INSERT INTO `role_menu` VALUES (525, 3, 80);
INSERT INTO `role_menu` VALUES (526, 3, 81);
INSERT INTO `role_menu` VALUES (527, 3, 82);
INSERT INTO `role_menu` VALUES (528, 3, 83);
INSERT INTO `role_menu` VALUES (529, 3, 84);
INSERT INTO `role_menu` VALUES (530, 3, 85);
INSERT INTO `role_menu` VALUES (531, 3, 43);
INSERT INTO `role_menu` VALUES (532, 3, 86);
INSERT INTO `role_menu` VALUES (533, 3, 87);
INSERT INTO `role_menu` VALUES (534, 3, 88);
INSERT INTO `role_menu` VALUES (535, 3, 89);
INSERT INTO `role_menu` VALUES (536, 3, 90);
INSERT INTO `role_menu` VALUES (537, 3, 91);
INSERT INTO `role_menu` VALUES (538, 3, 92);
INSERT INTO `role_menu` VALUES (539, 3, 31);
INSERT INTO `role_menu` VALUES (712, 1, 1);
INSERT INTO `role_menu` VALUES (713, 1, 2);
INSERT INTO `role_menu` VALUES (714, 1, 16);
INSERT INTO `role_menu` VALUES (715, 1, 17);
INSERT INTO `role_menu` VALUES (716, 1, 18);
INSERT INTO `role_menu` VALUES (717, 1, 93);
INSERT INTO `role_menu` VALUES (718, 1, 94);
INSERT INTO `role_menu` VALUES (719, 1, 3);
INSERT INTO `role_menu` VALUES (720, 1, 20);
INSERT INTO `role_menu` VALUES (721, 1, 21);
INSERT INTO `role_menu` VALUES (722, 1, 22);
INSERT INTO `role_menu` VALUES (723, 1, 4);
INSERT INTO `role_menu` VALUES (724, 1, 24);
INSERT INTO `role_menu` VALUES (725, 1, 25);
INSERT INTO `role_menu` VALUES (726, 1, 26);
INSERT INTO `role_menu` VALUES (727, 1, 105);
INSERT INTO `role_menu` VALUES (728, 1, 106);
INSERT INTO `role_menu` VALUES (729, 1, 107);
INSERT INTO `role_menu` VALUES (730, 1, 108);
INSERT INTO `role_menu` VALUES (731, 1, 109);
INSERT INTO `role_menu` VALUES (732, 1, 110);
INSERT INTO `role_menu` VALUES (733, 1, 31);
INSERT INTO `role_menu` VALUES (734, 1, 32);
INSERT INTO `role_menu` VALUES (735, 1, 44);
INSERT INTO `role_menu` VALUES (736, 1, 45);
INSERT INTO `role_menu` VALUES (737, 1, 46);
INSERT INTO `role_menu` VALUES (738, 1, 47);
INSERT INTO `role_menu` VALUES (739, 1, 55);
INSERT INTO `role_menu` VALUES (740, 1, 33);
INSERT INTO `role_menu` VALUES (741, 1, 48);
INSERT INTO `role_menu` VALUES (742, 1, 49);
INSERT INTO `role_menu` VALUES (743, 1, 50);
INSERT INTO `role_menu` VALUES (744, 1, 34);
INSERT INTO `role_menu` VALUES (745, 1, 51);
INSERT INTO `role_menu` VALUES (746, 1, 52);
INSERT INTO `role_menu` VALUES (747, 1, 53);
INSERT INTO `role_menu` VALUES (748, 1, 54);
INSERT INTO `role_menu` VALUES (749, 1, 56);
INSERT INTO `role_menu` VALUES (750, 1, 35);
INSERT INTO `role_menu` VALUES (751, 1, 57);
INSERT INTO `role_menu` VALUES (752, 1, 58);
INSERT INTO `role_menu` VALUES (753, 1, 59);
INSERT INTO `role_menu` VALUES (754, 1, 60);
INSERT INTO `role_menu` VALUES (755, 1, 61);
INSERT INTO `role_menu` VALUES (756, 1, 36);
INSERT INTO `role_menu` VALUES (757, 1, 37);
INSERT INTO `role_menu` VALUES (758, 1, 63);
INSERT INTO `role_menu` VALUES (759, 1, 64);
INSERT INTO `role_menu` VALUES (760, 1, 65);
INSERT INTO `role_menu` VALUES (761, 1, 66);
INSERT INTO `role_menu` VALUES (762, 1, 67);
INSERT INTO `role_menu` VALUES (763, 1, 68);
INSERT INTO `role_menu` VALUES (764, 1, 69);
INSERT INTO `role_menu` VALUES (765, 1, 62);
INSERT INTO `role_menu` VALUES (766, 1, 95);
INSERT INTO `role_menu` VALUES (767, 1, 96);
INSERT INTO `role_menu` VALUES (768, 1, 97);
INSERT INTO `role_menu` VALUES (769, 1, 98);
INSERT INTO `role_menu` VALUES (770, 1, 99);
INSERT INTO `role_menu` VALUES (771, 1, 100);
INSERT INTO `role_menu` VALUES (772, 1, 38);
INSERT INTO `role_menu` VALUES (773, 1, 39);
INSERT INTO `role_menu` VALUES (774, 1, 70);
INSERT INTO `role_menu` VALUES (775, 1, 71);
INSERT INTO `role_menu` VALUES (776, 1, 72);
INSERT INTO `role_menu` VALUES (777, 1, 73);
INSERT INTO `role_menu` VALUES (778, 1, 74);
INSERT INTO `role_menu` VALUES (779, 1, 40);
INSERT INTO `role_menu` VALUES (780, 1, 75);
INSERT INTO `role_menu` VALUES (781, 1, 76);
INSERT INTO `role_menu` VALUES (782, 1, 77);
INSERT INTO `role_menu` VALUES (783, 1, 41);
INSERT INTO `role_menu` VALUES (784, 1, 42);
INSERT INTO `role_menu` VALUES (785, 1, 78);
INSERT INTO `role_menu` VALUES (786, 1, 79);
INSERT INTO `role_menu` VALUES (787, 1, 80);
INSERT INTO `role_menu` VALUES (788, 1, 81);
INSERT INTO `role_menu` VALUES (789, 1, 82);
INSERT INTO `role_menu` VALUES (790, 1, 83);
INSERT INTO `role_menu` VALUES (791, 1, 84);
INSERT INTO `role_menu` VALUES (792, 1, 85);
INSERT INTO `role_menu` VALUES (793, 1, 43);
INSERT INTO `role_menu` VALUES (794, 1, 86);
INSERT INTO `role_menu` VALUES (795, 1, 87);
INSERT INTO `role_menu` VALUES (796, 1, 88);
INSERT INTO `role_menu` VALUES (797, 1, 89);
INSERT INTO `role_menu` VALUES (798, 1, 90);
INSERT INTO `role_menu` VALUES (799, 1, 91);
INSERT INTO `role_menu` VALUES (800, 1, 92);
INSERT INTO `role_menu` VALUES (801, 1, 101);
INSERT INTO `role_menu` VALUES (802, 1, 102);
INSERT INTO `role_menu` VALUES (803, 1, 103);
INSERT INTO `role_menu` VALUES (804, 1, 104);

-- ----------------------------
-- Table structure for shipping_info
-- ----------------------------
DROP TABLE IF EXISTS `shipping_info`;
CREATE TABLE `shipping_info`  (
  `id` bigint(0) NOT NULL AUTO_INCREMENT COMMENT '主键id',
  `name` varchar(255) CHARACTER SET utf8 COLLATE utf8_general_ci NULL DEFAULT NULL COMMENT '发货人姓名',
  `sex` int(0) NULL DEFAULT NULL COMMENT ' 发货人性别',
  `regions` varchar(255) CHARACTER SET utf8 COLLATE utf8_general_ci NULL DEFAULT NULL COMMENT '发货地区id（省、市、区县）如（100,101,102）',
  `address` varchar(255) CHARACTER SET utf8 COLLATE utf8_general_ci NULL DEFAULT NULL COMMENT '发货详细地址',
  `postal_code` varchar(255) CHARACTER SET utf8 COLLATE utf8_general_ci NULL DEFAULT NULL COMMENT '邮编',
  `mobile` varchar(20) CHARACTER SET utf8 COLLATE utf8_general_ci NULL DEFAULT NULL COMMENT '手机号码',
  `fixed_telephone` varchar(50) CHARACTER SET utf8 COLLATE utf8_general_ci NULL DEFAULT NULL COMMENT '固定电话',
  `admin_user_id` bigint(0) NULL DEFAULT NULL COMMENT '所属商家id',
  `create_time` datetime(0) NULL DEFAULT NULL COMMENT '创建时间',
  `update_time` datetime(0) NULL DEFAULT NULL COMMENT '更新时间',
  `create_by` bigint(0) NULL DEFAULT NULL COMMENT '创建人id',
  `update_by` bigint(0) NULL DEFAULT NULL COMMENT '修改人id',
  `is_default` tinyint(0) NULL DEFAULT NULL COMMENT '是否默认',
  PRIMARY KEY (`id`) USING BTREE
) ENGINE = InnoDB AUTO_INCREMENT = 1 CHARACTER SET = utf8 COLLATE = utf8_general_ci ROW_FORMAT = Dynamic;

-- ----------------------------
-- Records of shipping_info
-- ----------------------------
INSERT INTO `shipping_info` VALUES (1, '刘德华', 0, '1024,1052,1059', '双桥镇马荒村', '232200', '15899998888', '021-22118872', 2, '2022-01-27 14:09:33', NULL, 2, NULL, 1);

-- ----------------------------
-- Table structure for undo_log
-- ----------------------------
DROP TABLE IF EXISTS `undo_log`;
CREATE TABLE `undo_log`  (
  `branch_id` bigint(0) NOT NULL COMMENT 'branch transaction id',
  `xid` varchar(128) CHARACTER SET utf8 COLLATE utf8_general_ci NOT NULL COMMENT 'global transaction id',
  `context` varchar(128) CHARACTER SET utf8 COLLATE utf8_general_ci NOT NULL COMMENT 'undo_log context,such as serialization',
  `rollback_info` longblob NOT NULL COMMENT 'rollback info',
  `log_status` int(0) NOT NULL COMMENT '0:normal status,1:defense status',
  `log_created` datetime(6) NOT NULL COMMENT 'create datetime',
  `log_modified` datetime(6) NOT NULL COMMENT 'modify datetime',
  UNIQUE INDEX `ux_undo_log`(`xid`, `branch_id`) USING BTREE
) ENGINE = InnoDB CHARACTER SET = utf8 COLLATE = utf8_general_ci COMMENT = 'AT transaction mode undo table' ROW_FORMAT = Dynamic;

-- ----------------------------
-- Records of undo_log
-- ----------------------------

-- ----------------------------
-- Table structure for user_role
-- ----------------------------
DROP TABLE IF EXISTS `user_role`;
CREATE TABLE `user_role`  (
  `id` bigint(0) NOT NULL AUTO_INCREMENT COMMENT '主键id',
  `user_id` bigint(0) NULL DEFAULT NULL COMMENT '用户id',
  `role_id` bigint(0) NULL DEFAULT NULL COMMENT '角色id',
  PRIMARY KEY (`id`) USING BTREE
) ENGINE = InnoDB AUTO_INCREMENT = 10 CHARACTER SET = utf8 COLLATE = utf8_general_ci ROW_FORMAT = Dynamic;

-- ----------------------------
-- Records of user_role
-- ----------------------------
INSERT INTO `user_role` VALUES (6, 2, 2);
INSERT INTO `user_role` VALUES (7, 1, 1);
INSERT INTO `user_role` VALUES (9, 3, 3);

SET FOREIGN_KEY_CHECKS = 1;
